id,data,ticker,tipo,quantidade,preco,taxas,total,corretora
1,02/01/2025 12:15:57,MSFT34,Compra,1.0,110.04,0.0,-0.93,Santander
2,02/01/2025 15:28:29,BITH11,Compra,2.0,137.67,0.0,-4.33,Santander
3,02/01/2025 12:12:09,GOLD11,Compra,10.0,17.2,0.0,-7.63,Santander
4,02/01/2025 12:17:15,MELI34,Compra,2.0,90.63,0.0,-7.22,Santander
5,02/01/2025 12:15:56,EMBJ3,Compra,5.0,57.58,0.0,-5.62,Santander
6,07/01/2025 14:37:30,TSLA34,Compra,1.0,74.75,0.0,-4.65,Santander
7,07/01/2025 14:30:02,HASH11,Compra,3.0,86.2,0.0,-19.2,Santander
8,07/01/2025 14:28:39,NVDC34,Compra,6.0,17.88,0.0,-23.22,Santander
9,08/01/2025 16:33:23,TSLA34,Compra,1.0,75.78,0.0,-24.68,Santander
10,07/01/2025 14:32:00,AMZO34,Compra,4.0,67.76,0.0,-32.12,Santander
11,07/01/2025 14:36:35,GOLD11,Compra,10.0,16.91,0.0,-31.12,Santander
12,10/01/2025 11:52:35,TSLA34,Compra,2.0,73.97,0.0,-25.64,Santander
13,13/01/2025 15:24:41,BITH11,Compra,1.0,128.11,0.0,-19.83,Santander
14,14/01/2025 14:53:06,TSLA34,Compra,2.0,76.85,0.0,-14.71,Santander
15,06/01/2025 15:34:17,AAPL34,Compra,3.0,73.76,0.0,-23.58,Santander
16,13/01/2025 15:23:59,AMZO34,Compra,8.0,66.13,0.0,-18.06,Santander
17,16/01/2025 14:57:11,MBRF3,Compra,6.0,15.59,0.0,-21.12,Santander
18,09/01/2025 14:19:27,HASH11,Compra,2.0,82.58,0.0,-2.4,Santander
19,16/01/2025 14:54:09,TSLA34,Compra,2.0,78.16,0.0,7.5,Santander
20,17/01/2025 15:15:56,MBRF3,Compra,10.0,15.56,0.0,1.1,Santander
21,10/01/2025 11:55:44,NVDC34,Compra,12.0,17.16,0.0,13.44,Santander
22,22/01/2025 15:49:46,NVDC34,Compra,8.0,18.22,0.0,10.4,Santander
23,16/01/2025 14:52:13,AMZO34,Compra,8.0,67.8,0.0,15.06,Santander
24,27/01/2025 15:33:47,WING25,Compra,1.0,125055.0,0.0,16.06,Santander
25,27/01/2025 15:35:17,WING25,Compra,1.0,124990.0,0.0,14.06,Santander
26,27/01/2025 15:40:00,WING25,Compra,1.0,125060.0,0.0,13.06,Santander
27,27/01/2025 15:40:23,WING25,Compra,1.0,125085.0,0.0,12.06,Santander
28,27/01/2025 15:41:06,WING25,Compra,1.0,125085.0,0.0,13.06,Santander
29,27/01/2025 15:59:59,GOLD11,Compra,10.0,16.94,0.0,13.06,Santander
30,27/01/2025 15:57:41,NVDC34,Compra,8.0,14.55,0.0,18.34,Santander
31,16/01/2025 14:53:27,AAPL34,Compra,4.0,68.16,0.0,21.86,Santander
32,28/01/2025 14:17:25,NVDC34,Compra,8.0,15.23,0.0,19.86,Santander
33,21/01/2025 14:28:40,TSLA34,Compra,6.0,74.45,0.0,7.93,Santander
34,29/01/2025 16:49:57,GOLD11,Compra,10.0,16.94,0.0,10.43,Santander
35,27/01/2025 16:01:01,HASH11,Compra,2.0,85.61,0.0,18.69,Santander
36,30/01/2025 14:20:16,AAPL34,Compra,2.0,70.24,0.0,15.68,Santander
37,30/01/2025 14:23:31,MSFT34,Compra,2.0,101.79,0.0,12.44,Santander
38,29/01/2025 16:47:34,NVDC34,Compra,12.0,14.93,0.0,1.85,Santander
39,28/01/2025 14:20:19,EMBJ3,Compra,4.0,59.5,0.0,-1.67,Santander
40,30/01/2025 14:18:12,TSLA34,Compra,2.0,73.23,0.0,-6.65,Santander
41,03/02/2025 15:11:07,EMBJ3,Compra,4.0,58.65,0.0,-6.63,Santander
42,03/02/2025 15:10:19,HASH11,Compra,2.0,82.58,0.0,-9.05,Santander
43,03/02/2025 15:09:18,NVDC34,Compra,10.0,14.07,0.0,-0.5,Santander
44,30/01/2025 14:20:51,AMZO34,Compra,2.0,69.11,0.0,-2.22,Santander
45,05/02/2025 16:43:44,NVDC34,Compra,16.0,14.94,0.0,3.7,Santander
46,06/02/2025 14:13:54,NVDC34,Compra,10.0,15.32,0.0,12.6,Santander
47,03/02/2025 15:14:50,TSLA34,Compra,4.0,68.89,0.0,-6.58,Santander
48,06/02/2025 14:17:14,HASH11,Compra,2.0,78.19,0.0,-9.82,Santander
49,11/02/2025 14:51:39,TSLA34,Compra,2.0,60.28,0.0,-4.68,Santander
50,31/01/2025 16:39:54,AAPL34,Compra,4.0,67.65,0.0,2.34,Santander
51,03/02/2025 15:11:06,MSFT34,Compra,4.0,99.78,0.0,-7.98,Santander
52,13/02/2025 10:45:29,AMZO34,Compra,4.0,66.21,0.0,-12.02,Santander
53,10/02/2025 16:29:23,NVDC34,Compra,16.0,16.16,0.0,-7.32,Santander
54,17/02/2025 11:03:27,EMBJ3,Compra,4.0,60.17,0.0,-12.46,Santander
55,17/02/2025 14:28:39,WINJ25,Compra,1.0,131745.0,0.0,-11.46,Santander
56,17/02/2025 14:29:23,WINJ25,Compra,1.0,131750.0,0.0,-11.46,Santander
57,17/02/2025 14:30:26,WINJ25,Compra,1.0,131740.0,0.0,-10.46,Santander
58,17/02/2025 14:30:45,WINJ25,Compra,1.0,131735.0,0.0,-11.46,Santander
59,13/02/2025 14:52:55,BABA34,Compra,6.0,24.9,0.0,-6.26,Santander
60,17/02/2025 14:35:29,HASH11,Compra,2.0,76.87,0.0,-10.4,Santander
61,17/02/2025 14:34:35,NVDC34,Compra,8.0,16.51,0.0,-11.6,Santander
62,13/02/2025 10:49:39,TSLA34,Compra,2.0,62.81,0.0,-7.52,Santander
63,19/02/2025 16:42:24,SSFO34,Compra,2.0,84.43,0.0,-11.5,Santander
64,18/02/2025 14:44:14,BABA34,Compra,10.0,25.75,0.0,15.39,Santander
65,17/02/2025 14:35:58,AMZO34,Compra,2.0,65.13,0.0,10.83,Santander
66,19/02/2025 16:44:24,TSLA34,Compra,2.0,64.89,0.0,5.05,Santander
67,17/02/2025 14:34:03,MSFT34,Compra,6.0,98.42,0.0,4.43,Santander
68,20/02/2025 16:03:18,BABA34,Compra,4.0,27.8,0.0,-0.17,Santander
69,24/02/2025 16:04:34,NVDC34,Compra,10.0,16.08,0.0,-6.57,Santander
70,24/02/2025 16:05:53,TSLA34,Compra,2.0,60.69,0.0,-12.92,Santander
71,24/02/2025 16:05:04,AMZO34,Compra,4.0,61.71,0.0,-17.55,Santander
72,24/02/2025 16:09:03,HASH11,Compra,1.0,74.98,0.0,-23.6,Santander
73,13/02/2025 14:52:07,GOGL34,Compra,3.0,87.53,0.0,-30.75,Santander
74,24/02/2025 16:03:09,BABA34,Compra,8.0,26.68,0.0,-24.11,Santander
75,25/02/2025 14:47:04,TSLA34,Compra,2.0,54.82,0.0,-27.75,Santander
76,25/02/2025 14:47:59,GOGL34,Compra,2.0,84.79,0.0,-31.07,Santander
77,25/02/2025 14:49:43,SSFO34,Compra,1.0,80.06,0.0,-33.02,Santander
78,25/02/2025 14:46:02,AMZO34,Compra,4.0,60.08,0.0,-25.44,Santander
79,25/02/2025 14:45:34,NVDC34,Compra,10.0,15.45,0.0,-30.64,Santander
80,27/02/2025 14:27:08,AAPL34,Compra,2.0,70.08,0.0,-33.46,Santander
81,25/02/2025 14:48:29,BABA34,Compra,8.0,27.51,0.0,-26.74,Santander
82,28/02/2025 15:59:32,AMZO34,Compra,4.0,61.29,0.0,-24.78,Santander
83,27/02/2025 14:29:49,GOGL34,Compra,2.0,83.14,0.0,-25.14,Santander
84,28/02/2025 15:58:48,NVDC34,Compra,10.0,14.77,0.0,-23.04,Santander
85,28/02/2025 16:00:32,AAPL34,Compra,2.0,70.04,0.0,-22.04,Santander
86,27/02/2025 14:28:52,GOLD11,Compra,8.0,17.6,0.0,-21.8,Santander
87,27/02/2025 14:28:07,TSLA34,Compra,2.0,52.09,0.0,-18.56,Santander
88,05/03/2025 15:52:43,JPMC34,Compra,2.0,144.71,0.0,-22.88,Santander
89,05/03/2025 15:48:39,NVDC34,Compra,10.0,14.08,0.0,-27.88,Santander
90,05/03/2025 15:53:42,MSCD34,Compra,1.0,103.81,0.0,-29.8,Santander
91,05/03/2025 15:50:25,TSLA34,Compra,2.0,49.52,0.0,-32.51,Santander
92,05/03/2025 15:52:23,BERK34,Compra,1.0,143.21,0.0,-34.29,Santander
93,06/03/2025 13:59:19,NVDC34,Compra,10.0,13.61,0.0,-38.39,Santander
94,06/03/2025 14:00:40,AMZO34,Compra,4.0,58.52,0.0,-44.35,Santander
95,06/03/2025 14:03:48,TSLA34,Compra,2.0,47.68,0.0,-47.47,Santander
96,06/03/2025 14:02:30,AAPL34,Compra,3.0,67.85,0.0,-43.33,Santander
97,07/03/2025 16:06:37,MSFT34,Compra,2.0,94.72,0.0,-46.75,Santander
98,07/03/2025 16:08:20,TSLA34,Compra,2.0,47.56,0.0,-51.73,Santander
99,07/03/2025 16:11:08,SSFO34,Compra,1.0,74.07,0.0,-53.82,Santander
100,07/03/2025 16:07:03,NVDC34,Compra,10.0,13.4,0.0,-58.52,Santander
101,07/03/2025 16:09:37,JPMC34,Compra,1.0,140.69,0.0,-65.03,Santander
102,10/03/2025 15:21:14,WINJ25,Compra,1.0,125730.0,0.0,-72.03,Santander
103,10/03/2025 15:22:10,WINJ25,Compra,1.0,125665.0,0.0,-67.03,Santander
104,10/03/2025 15:26:52,WINJ25,Compra,1.0,125700.0,0.0,-68.03,Santander
105,10/03/2025 15:27:45,WINJ25,Compra,1.0,125705.0,0.0,-72.03,Santander
106,10/03/2025 14:38:11,AAPL34,Compra,6.0,65.58,0.0,-68.19,Santander
107,05/03/2025 15:51:25,GOLD11,Compra,10.0,17.65,0.0,-67.29,Santander
108,10/03/2025 15:41:36,AAPL34,Compra,7.0,66.26,0.0,-74.75,Santander
109,10/03/2025 14:42:24,NFLX34,Compra,1.0,100.12,0.0,-70.78,Santander
110,11/03/2025 14:28:38,NVDC34,Compra,10.0,13.12,0.0,-61.91,Santander
111,11/03/2025 14:27:40,AAPL34,Compra,4.0,63.56,0.0,-64.93,Santander
112,11/03/2025 14:30:27,TSLA34,Compra,2.0,41.01,0.0,-56.77,Santander
113,11/03/2025 14:31:56,NFLX34,Compra,1.0,104.25,0.0,-54.43,Santander
114,06/03/2025 14:05:22,BABA34,Compra,4.0,28.84,0.0,-56.98,Santander
115,05/03/2025 15:55:20,ITLC34,Compra,2.0,19.59,0.0,-56.6,Santander
116,12/03/2025 15:17:55,TSLA34,Compra,2.0,45.07,0.0,-59.32,Santander
117,12/03/2025 15:15:30,AAPL34,Compra,4.0,62.8,0.0,-62.4,Santander
118,11/03/2025 14:32:38,DISB34,Compra,2.0,38.07,0.0,-64.0,Santander
119,13/03/2025 16:26:51,AAPL34,Compra,4.0,61.07,0.0,-66.46,Santander
120,13/03/2025 16:27:38,COCA34,Compra,2.0,66.69,0.0,-67.84,Santander
121,12/03/2025 15:13:49,NVDC34,Compra,10.0,13.91,0.0,-63.24,Santander
122,10/03/2025 14:54:38,JPMC34,Compra,1.0,134.13,0.0,-64.64,Santander
123,13/03/2025 16:31:25,TSLA34,Compra,2.0,43.97,0.0,-67.99,Santander
124,14/03/2025 14:13:43,NVDC34,Compra,10.0,14.38,0.0,-70.59,Santander
125,14/03/2025 14:14:35,AAPL34,Compra,2.0,60.85,0.0,-72.69,Santander
126,14/03/2025 14:17:15,GOGL34,Compra,2.0,78.66,0.0,-74.79,Santander
127,12/03/2025 15:26:08,BABA34,Compra,3.0,28.29,0.0,-69.72,Santander
128,17/03/2025 16:24:13,NVDC34,Compra,10.0,14.23,0.0,-72.72,Santander
129,17/03/2025 16:28:42,TSLA34,Compra,2.0,42.15,0.0,-76.4,Santander
130,14/03/2025 14:12:49,MSFT34,Compra,2.0,92.33,0.0,-79.6,Santander
131,18/03/2025 14:02:56,NVDC34,Compra,10.0,13.97,0.0,-81.3,Santander
132,18/03/2025 14:06:50,TSLA34,Compra,4.0,40.41,0.0,-84.34,Santander
133,17/03/2025 16:25:11,COCA34,Compra,2.0,66.07,0.0,-86.38,Santander
134,17/03/2025 16:24:40,AAPL34,Compra,2.0,60.76,0.0,-81.26,Santander
135,21/03/2025 16:14:02,TSLA34,Compra,2.0,43.8,0.0,-70.73,Santander
136,18/03/2025 16:37:04,NVDC34,Compra,10.0,13.71,0.0,-65.83,Santander
137,25/03/2025 11:16:14,NVDC34,Compra,10.0,14.26,0.0,-71.73,Santander
138,21/03/2025 16:13:02,COCA34,Compra,2.0,64.93,0.0,-67.84,Santander
139,18/03/2025 16:38:06,DISB34,Compra,4.0,37.54,0.0,-64.48,Santander
140,12/03/2025 15:21:14,MCDC34,Compra,2.0,86.75,0.0,-59.1,Santander
141,24/03/2025 15:55:01,TSLA34,Compra,4.0,48.67,0.0,-60.25,Santander
142,26/03/2025 15:50:44,BABA34,Compra,8.0,27.07,0.0,-53.05,Santander
143,24/03/2025 15:52:25,AAPL34,Compra,3.0,63.37,0.0,-56.74,Santander
144,27/03/2025 11:51:25,BABA34,Compra,4.0,27.98,0.0,-62.21,Santander
145,27/03/2025 11:51:51,NVDC34,Compra,6.0,13.54,0.0,-67.67,Santander
146,26/03/2025 15:46:23,DISB34,Compra,4.0,38.43,0.0,-73.91,Santander
147,26/03/2025 15:53:10,NFLX34,Compra,1.0,110.93,0.0,-81.21,Santander
148,26/03/2025 15:43:16,COCA34,Compra,2.0,66.87,0.0,-78.71,Santander
149,28/03/2025 16:30:04,GOGL34,Compra,1.0,74.12,0.0,-79.73,Santander
150,17/03/2025 16:25:57,GSGI34,Compra,1.0,104.79,0.0,-81.59,Santander
151,31/03/2025 16:15:18,MELI34,Compra,2.0,92.83,0.0,-84.93,Santander
152,31/03/2025 15:07:54,TSLA34,Compra,2.0,45.71,0.0,-76.15,Santander
153,02/04/2025 11:00:25,GOLD11,Compra,10.0,18.61,0.0,-76.25,Santander
154,31/03/2025 16:14:34,BABA34,Compra,4.0,27.09,0.0,-83.84,Santander
155,31/03/2025 15:05:07,NVDC34,Compra,10.0,12.64,0.0,-88.64,Santander
156,31/03/2025 16:12:20,NFLX34,Compra,2.0,106.35,0.0,-95.6,Santander
157,02/04/2025 16:00:44,TSLA34,Compra,2.0,50.07,0.0,-99.14,Santander
158,31/03/2025 15:12:08,EMBJ3,Compra,2.0,65.69,0.0,-103.52,Santander
159,31/03/2025 15:06:14,AAPL34,Compra,4.0,62.97,0.0,-125.56,Santander
160,31/03/2025 16:11:21,JPMC34,Compra,2.0,138.77,0.0,-154.74,Santander
161,31/03/2025 15:09:20,DISB34,Compra,4.0,37.49,0.0,-171.12,Santander
162,02/04/2025 16:03:04,AMZO34,Compra,2.0,55.59,0.0,-181.02,Santander
163,04/04/2025 10:58:51,NVDC34,Compra,10.0,11.76,0.0,-183.42,Santander
164,04/04/2025 11:00:41,JPMC34,Compra,2.0,124.45,0.0,-186.7,Santander
165,04/04/2025 11:02:59,DISB34,Compra,4.0,33.45,0.0,-189.88,Santander
166,04/04/2025 11:21:54,EMBJ3,Compra,6.0,61.12,0.0,-195.52,Santander
167,04/04/2025 11:01:28,NFLX34,Compra,2.0,103.02,0.0,-200.78,Santander
168,31/03/2025 15:07:03,COCA34,Compra,2.0,68.27,0.0,-200.3,Santander
169,04/04/2025 10:58:00,AAPL34,Compra,4.0,57.63,0.0,-206.9,Santander
170,04/04/2025 13:33:59,NFLX34,Compra,2.0,100.06,0.0,-207.02,Santander
171,04/04/2025 13:37:45,GOLD11,Compra,10.0,18.45,0.0,-207.22,Santander
172,04/04/2025 10:56:00,MSFT34,Compra,2.0,88.99,0.0,-209.02,Santander
173,04/04/2025 13:38:32,BERK34,Compra,1.0,146.29,0.0,-210.31,Santander
174,04/04/2025 11:01:06,GOGL34,Compra,2.0,72.32,0.0,-212.27,Santander
175,04/04/2025 13:35:01,DISB34,Compra,4.0,32.69,0.0,-212.15,Santander
176,04/04/2025 13:36:22,EMBJ3,Compra,2.0,60.39,0.0,-212.25,Santander
177,04/04/2025 11:03:53,AMZO34,Compra,2.0,50.72,0.0,-212.09,Santander
178,02/04/2025 16:04:17,MELI34,Compra,1.0,92.11,0.0,-214.98,Santander
179,04/04/2025 13:39:18,TSLA34,Compra,1.0,44.07,0.0,-215.18,Santander
180,07/04/2025 11:40:45,DISB34,Compra,4.0,32.32,0.0,-212.98,Santander
181,07/04/2025 11:39:15,GOGL34,Compra,2.0,70.6,0.0,-209.3,Santander
182,07/04/2025 11:40:01,AMZO34,Compra,2.0,50.37,0.0,-205.74,Santander
183,07/04/2025 11:36:17,AAPL34,Compra,4.0,53.07,0.0,-205.46,Santander
184,07/04/2025 11:41:28,MSCD34,Compra,2.0,90.61,0.0,-202.92,Santander
185,07/04/2025 11:35:37,NVDC34,Compra,10.0,11.47,0.0,-198.92,Santander
186,08/04/2025 10:26:51,MSCD34,Compra,2.0,96.39,0.0,-202.86,Santander
187,07/04/2025 11:35:07,MSFT34,Compra,2.0,87.3,0.0,-194.46,Santander
188,08/04/2025 11:38:42,NVDC34,Compra,10.0,12.95,0.0,-195.96,Santander
189,08/04/2025 10:19:23,AAPL34,Compra,3.0,55.01,0.0,-199.8,Santander
190,08/04/2025 10:23:43,GOGL34,Compra,2.0,74.24,0.0,-202.51,Santander
191,08/04/2025 10:25:51,NFLX34,Compra,2.0,106.26,0.0,-205.03,Santander
192,08/04/2025 10:24:52,DISB34,Compra,4.0,33.54,0.0,-207.63,Santander
193,07/04/2025 16:09:10,AMZO34,Compra,2.0,51.63,0.0,-201.29,Santander
194,09/04/2025 15:22:59,MCDC34,Compra,4.0,88.49,0.0,-205.74,Santander
195,09/04/2025 15:15:41,COCA34,Compra,4.0,67.98,0.0,-209.26,Santander
196,09/04/2025 15:17:54,DISB34,Compra,4.0,35.2,0.0,-212.98,Santander
197,09/04/2025 15:13:30,NVDC34,Compra,10.0,13.61,0.0,-216.58,Santander
198,10/04/2025 11:35:16,TSLA34,Compra,2.0,47.32,0.0,-219.22,Santander
199,10/04/2025 11:33:36,NVDC34,Compra,10.0,13.55,0.0,-223.52,Santander
200,10/04/2025 11:34:00,AAPL34,Compra,4.0,56.93,0.0,-230.04,Santander
201,10/04/2025 11:38:37,BABA34,Compra,6.0,22.72,0.0,-234.24,Santander
202,09/04/2025 15:20:21,AMZO34,Compra,2.0,54.8,0.0,-237.84,Santander
203,09/04/2025 15:19:49,NFLX34,Compra,2.0,109.09,0.0,-240.92,Santander
204,09/04/2025 15:14:37,MSFT34,Compra,2.0,93.71,0.0,-244.26,Santander
205,11/04/2025 10:20:30,WINJ25,Compra,1.0,126670.0,0.0,-248.26,Santander
206,11/04/2025 10:49:22,WINJ25,Venda,1.0,127300.0,0.0,-241.26,Santander
207,11/04/2025 11:15:44,WINJ25,Venda,1.0,127000.0,0.0,-252.26,Santander
208,09/04/2025 15:16:08,GOGL34,Compra,2.0,76.01,0.0,-250.96,Santander
209,10/04/2025 11:37:43,DISB34,Compra,4.0,33.96,0.0,-253.8,Santander
210,11/04/2025 10:56:57,AAPL34,Compra,8.0,56.39,0.0,-239.6,Santander
211,11/04/2025 10:56:31,NVDC34,Compra,20.0,13.52,0.0,-241.4,Santander
212,14/04/2025 10:10:18,AAPL34,Compra,4.0,61.51,0.0,-249.72,Santander
213,14/04/2025 14:52:50,AAPL34,Compra,4.0,59.81,0.0,-254.0,Santander
214,14/04/2025 10:05:06,MSFT34,Compra,2.0,95.44,0.0,-255.52,Santander
215,14/04/2025 10:11:04,NVDC34,Compra,20.0,13.7,0.0,-254.46,Santander
216,14/04/2025 10:41:40,ITLC34,Compra,4.0,19.67,0.0,-254.98,Santander
217,14/04/2025 10:03:43,GOGL34,Compra,2.0,77.79,0.0,-257.74,Santander
218,14/04/2025 10:05:38,NFLX34,Compra,2.0,108.8,0.0,-245.47,Santander
219,15/04/2025 11:31:32,AAPL34,Compra,3.0,59.05,0.0,-244.27,Santander
220,14/04/2025 10:10:08,ORCL34,Compra,1.0,131.55,0.0,-244.08,Santander
221,14/04/2025 10:04:37,TSLA34,Compra,6.0,46.73,0.0,-244.5,Santander
222,15/04/2025 14:35:26,GOGL34,Compra,6.0,76.49,0.0,-244.56,Santander
223,14/04/2025 10:04:07,AMZO34,Compra,2.0,54.86,0.0,-249.98,Santander
224,15/04/2025 14:32:40,AAPL34,Compra,4.0,59.53,0.0,-259.08,Santander
225,15/04/2025 14:32:16,NVDC34,Compra,10.0,13.77,0.0,-271.38,Santander
226,16/04/2025 14:40:40,BERK34,Compra,2.0,152.18,0.0,-274.98,Santander
227,16/04/2025 14:45:47,GOGL34,Compra,6.0,74.83,0.0,-281.88,Santander
228,17/04/2025 15:24:17,GOGL34,Compra,4.0,73.56,0.0,-290.68,Santander
229,16/04/2025 14:48:56,NVDC34,Compra,10.0,12.53,0.0,-298.48,Santander
230,16/04/2025 14:51:36,ORCL34,Compra,1.0,127.19,0.0,-305.78,Santander
231,22/04/2025 11:12:33,NVDC34,Compra,10.0,11.88,0.0,-308.08,Santander
232,23/04/2025 15:42:43,NFLX34,Compra,2.0,120.11,0.0,-310.88,Santander
233,22/04/2025 11:35:30,AMZO34,Compra,3.0,49.58,0.0,-304.03,Santander
234,17/04/2025 10:53:36,MSFT34,Compra,2.0,91.02,0.0,-308.75,Santander
235,17/04/2025 10:53:04,AAPL34,Compra,3.0,57.4,0.0,-308.12,Santander
236,22/04/2025 11:11:36,GOGL34,Compra,4.0,71.97,0.0,-292.26,Santander
237,23/04/2025 15:31:17,NVDC34,Compra,10.0,12.33,0.0,-290.56,Santander
238,16/04/2025 14:50:23,ITLC34,Compra,10.0,18.61,0.0,-285.61,Santander
239,28/04/2025 16:24:32,SYNE3,Compra,20.0,5.44,0.0,-284.04,Santander
240,24/04/2025 14:08:14,AMZO34,Compra,2.0,52.56,0.0,-287.38,Santander
241,24/04/2025 14:05:28,MSFT34,Compra,2.0,90.91,0.0,-287.5,Santander
242,17/04/2025 15:23:31,TSLA34,Compra,2.0,43.94,0.0,-278.17,Santander
243,24/04/2025 14:04:39,AAPL34,Compra,4.0,58.63,0.0,-283.29,Santander
244,30/04/2025 16:23:31,MSFT34,Compra,2.0,92.26,0.0,-267.69,Santander
245,30/04/2025 16:24:30,ITLC34,Compra,10.0,18.92,0.0,-262.39,Santander
246,30/04/2025 16:23:53,NVDC34,Compra,10.0,12.68,0.0,-254.49,Santander
247,14/04/2025 10:05:52,DISB34,Compra,4.0,33.58,0.0,-248.97,Santander
248,30/04/2025 16:26:57,AMZO34,Compra,2.0,51.57,0.0,-244.63,Santander
249,24/04/2025 14:09:04,BABA34,Compra,4.0,24.11,0.0,-239.39,Santander
250,02/05/2025 16:08:35,NVDC34,Compra,10.0,13.48,0.0,-241.59,Santander
251,02/05/2025 16:05:16,AAPL34,Compra,4.0,57.66,0.0,-245.91,Santander
252,30/04/2025 16:25:12,TSLA34,Compra,4.0,50.52,0.0,-251.17,Santander
253,05/05/2025 10:44:48,NFLX34,Compra,2.0,127.31,0.0,-245.37,Santander
254,02/05/2025 16:09:27,ITLC34,Compra,10.0,19.5,0.0,-251.17,Santander
255,06/05/2025 14:33:52,WINM25,Venda,1.0,135420.0,0.0,-268.17,Santander
256,06/05/2025 14:45:08,WINM25,Compra,1.0,135445.0,0.0,-266.17,Santander
257,06/05/2025 14:45:45,WINM25,Compra,1.0,135450.0,0.0,-281.17,Santander
258,06/05/2025 14:50:01,WINM25,Compra,1.0,135385.0,0.0,-282.17,Santander
259,06/05/2025 14:27:11,AAPL34,Compra,2.0,56.83,0.0,-284.12,Santander
260,02/05/2025 16:13:24,DISB34,Compra,6.0,35.0,0.0,-261.24,Santander
261,05/05/2025 10:39:00,NVDC34,Compra,10.0,13.41,0.0,-256.04,Santander
262,06/05/2025 14:28:35,ITLC34,Compra,6.0,18.94,0.0,-249.97,Santander
263,23/04/2025 15:46:01,AIRB34,Compra,5.0,34.33,0.0,-241.82,Santander
264,08/05/2025 14:21:10,ITLC34,Compra,6.0,19.96,0.0,-236.42,Santander
265,05/05/2025 15:39:06,TSLA34,Compra,2.0,50.22,0.0,-224.2,Santander
266,02/05/2025 16:19:26,BABA34,Compra,8.0,25.53,0.0,-213.66,Santander
267,08/05/2025 14:28:56,AIRB34,Compra,4.0,36.09,0.0,-206.82,Santander
268,08/05/2025 14:19:52,NVDC34,Compra,8.0,13.95,0.0,-202.02,Santander
269,08/05/2025 14:22:31,GOGL34,Compra,2.0,73.14,0.0,-197.6,Santander
270,02/05/2025 16:23:14,AMZO34,Compra,2.0,53.81,0.0,-186.59,Santander
271,12/05/2025 15:21:43,AIRB34,Compra,4.0,38.14,0.0,-188.43,Santander
272,12/05/2025 10:43:23,COCA34,Compra,4.0,65.67,0.0,-192.97,Santander
273,12/05/2025 15:08:05,NVDC34,Compra,8.0,14.56,0.0,-187.37,Santander
274,06/05/2025 14:23:30,NFLX34,Compra,1.0,130.26,0.0,-190.27,Santander
275,12/05/2025 15:25:33,ITLC34,Compra,6.0,21.16,0.0,-193.45,Santander
276,13/05/2025 14:07:04,TSLA34,Compra,2.0,57.13,0.0,-187.71,Santander
277,12/05/2025 15:27:40,BERK34,Compra,1.0,145.68,0.0,-192.56,Santander
278,13/05/2025 14:04:12,COCA34,Compra,6.0,65.09,0.0,-182.06,Santander
279,08/05/2025 14:26:56,MSCD34,Compra,2.0,104.49,0.0,-180.0,Santander
280,14/05/2025 15:58:00,NVDC34,Compra,16.0,15.89,0.0,-184.88,Santander
281,12/05/2025 15:25:02,MSFT34,Compra,2.0,106.33,0.0,-185.36,Santander
282,13/05/2025 14:09:30,MCDC34,Compra,2.0,86.67,0.0,-178.78,Santander
283,19/05/2025 10:21:34,ITLC34,Compra,4.0,20.19,0.0,-178.78,Santander
284,19/05/2025 14:21:11,ORCL34,Compra,2.0,152.23,0.0,-185.16,Santander
285,15/05/2025 14:17:30,AMZO34,Compra,2.0,57.92,0.0,-187.38,Santander
286,15/05/2025 14:14:49,TSLA34,Compra,2.0,60.69,0.0,-191.76,Santander
287,15/05/2025 14:15:20,GOGL34,Compra,2.0,77.46,0.0,-183.54,Santander
288,19/05/2025 10:17:52,NVDC34,Compra,8.0,15.6,0.0,-186.02,Santander
289,20/05/2025 14:04:19,ITLC34,Compra,6.0,19.96,0.0,-190.3,Santander
290,20/05/2025 14:03:51,AAPL34,Compra,2.0,58.84,0.0,-197.76,Santander
291,20/05/2025 14:12:00,AIRB34,Compra,6.0,36.1,0.0,-194.03,Santander
292,15/05/2025 14:18:00,BABA34,Compra,4.0,24.87,0.0,-200.35,Santander
293,27/05/2025 14:30:51,NVDC34,Compra,10.0,15.97,0.0,-197.95,Santander
294,27/05/2025 14:31:46,ITLC34,Compra,8.0,19.38,0.0,-203.39,Santander
295,20/05/2025 14:05:35,NFLX34,Compra,1.0,134.54,0.0,-198.39,Santander
296,02/06/2025 15:31:03,TSLA34,Compra,2.0,60.51,0.0,-209.69,Santander
297,13/05/2025 15:33:14,DISB34,Compra,6.0,41.95,0.0,-209.83,Santander
298,22/05/2025 15:32:17,MSCD34,Compra,1.0,103.68,0.0,-208.1,Santander
299,05/06/2025 14:40:33,TSLA34,Compra,4.0,53.09,0.0,-208.7,Santander
300,27/05/2025 14:36:41,AIRB34,Compra,4.0,36.86,0.0,-203.18,Santander
301,09/06/2025 10:03:22,WINM25,Compra,1.0,136190.0,0.0,-202.18,Santander
302,09/06/2025 15:25:20,WINM25,Compra,1.0,136255.0,0.0,-207.18,Santander
303,09/06/2025 15:28:54,WINM25,Compra,1.0,136280.0,0.0,-208.18,Santander
304,09/06/2025 15:29:41,WINM25,Compra,1.0,136280.0,0.0,-210.18,Santander
305,05/06/2025 14:45:08,GOGL34,Compra,2.0,79.12,0.0,-205.57,Santander
306,09/06/2025 15:44:22,NFLX34,Compra,1.0,136.47,0.0,-209.33,Santander
307,02/06/2025 15:29:02,ITLC34,Compra,8.0,18.75,0.0,-199.41,Santander
308,10/06/2025 14:35:53,WALM34,Compra,3.0,33.59,0.0,-199.5,Santander
309,09/06/2025 15:41:40,TSLA34,Compra,2.0,51.99,0.0,-190.04,Santander
310,27/05/2025 14:33:07,AMZO34,Compra,2.0,58.27,0.0,-189.08,Santander
311,27/05/2025 14:31:16,AAPL34,Compra,6.0,56.37,0.0,-199.24,Santander
312,02/06/2025 15:28:30,NVDC34,Compra,16.0,16.39,0.0,-194.83,Santander
313,30/04/2025 16:33:34,SYNE3,Compra,53.0,5.54,0.0,-189.47,Santander
314,10/06/2025 14:24:50,SSFO34,Compra,1.0,68.61,0.0,-190.9,Santander
315,09/06/2025 16:11:37,AIRB34,Compra,4.0,38.76,0.0,-196.66,Santander
316,09/06/2025 16:13:05,MCDC34,Compra,2.0,84.96,0.0,-202.38,Santander
317,12/06/2025 14:31:52,TSLA34,Compra,2.0,56.41,0.0,-205.58,Santander
318,16/06/2025 16:22:26,MCDC34,Compra,4.0,81.66,0.0,-211.98,Santander
319,12/06/2025 14:37:44,SYNE3,Compra,40.0,5.69,0.0,-196.04,Santander
320,12/06/2025 14:42:13,EXXO34,Compra,4.0,76.05,0.0,-184.82,Santander
321,12/06/2025 14:33:45,BABA34,Compra,5.0,23.11,0.0,-189.0,Santander
322,10/06/2025 14:23:23,NFLX34,Compra,1.0,132.19,0.0,-184.16,Santander
323,23/06/2025 14:19:03,MSCD34,Compra,2.0,95.44,0.0,-184.46,Santander
324,11/06/2025 16:54:46,ITLC34,Compra,12.0,19.24,0.0,-178.49,Santander
325,20/06/2025 15:59:13,EXXO34,Compra,4.0,78.34,0.0,-190.99,Santander
326,17/06/2025 10:38:47,NVDC34,Compra,10.0,16.52,0.0,-179.24,Santander
327,20/06/2025 16:01:32,GOGL34,Compra,2.0,77.47,0.0,-171.13,Santander
328,25/06/2025 14:12:28,SSFO34,Compra,2.0,67.69,0.0,-172.15,Santander
329,20/06/2025 16:00:54,AMZO34,Compra,4.0,57.73,0.0,-163.13,Santander
330,20/06/2025 15:56:50,SYNE3,Compra,30.0,6.11,0.0,-151.95,Santander
331,30/06/2025 15:00:30,NVDC34,Compra,10.0,17.88,0.0,-154.35,Santander
332,25/06/2025 14:10:23,TSLA34,Compra,2.0,56.48,0.0,-159.31,Santander
333,30/06/2025 14:59:41,MSFT34,Compra,2.0,112.74,0.0,-162.93,Santander
334,23/06/2025 14:23:04,AIRB34,Compra,2.0,35.36,0.0,-160.49,Santander
335,26/06/2025 16:29:58,MSCD34,Compra,1.0,97.13,0.0,-159.78,Santander
336,02/07/2025 10:50:41,TSLA34,Compra,2.0,52.85,0.0,-158.48,Santander
337,20/06/2025 16:02:52,GOLD11,Compra,6.0,19.45,0.0,-161.12,Santander
338,02/07/2025 10:51:35,SYNE3,Compra,20.0,6.02,0.0,-164.15,Santander
339,30/06/2025 15:05:01,AMZO34,Compra,2.0,59.76,0.0,-164.09,Santander
340,20/06/2025 16:05:00,BERK34,Compra,1.0,134.09,0.0,-167.97,Santander
341,12/06/2025 14:36:27,WALM34,Compra,4.0,32.76,0.0,-166.53,Santander
342,02/07/2025 10:52:55,NFLX34,Compra,1.0,140.67,0.0,-168.64,Santander
343,30/06/2025 15:03:59,MCDC34,Compra,2.0,79.43,0.0,-167.0,Santander
344,30/06/2025 15:02:33,GOGL34,Compra,2.0,80.33,0.0,-166.54,Santander
345,02/07/2025 15:29:32,MSFT34,Compra,2.0,110.81,0.0,-166.6,Santander
346,02/07/2025 10:56:32,NVDC34,Compra,8.0,17.65,0.0,-165.92,Santander
347,07/07/2025 15:47:09,WINQ25,Compra,1.0,141270.0,0.0,-167.92,Santander
348,07/07/2025 15:47:40,WINQ25,Compra,1.0,141280.0,0.0,-168.92,Santander
349,07/07/2025 15:47:52,WINQ25,Compra,1.0,141280.0,0.0,-168.92,Santander
350,07/07/2025 15:48:07,WINQ25,Compra,1.0,141290.0,0.0,-168.92,Santander
351,02/07/2025 15:40:33,SYNE3,Compra,60.0,5.88,0.0,-155.72,Santander
352,02/07/2025 15:43:16,NFLX34,Compra,4.0,138.54,0.0,-146.52,Santander
353,02/07/2025 15:45:33,MSFT34,Compra,2.0,110.82,0.0,-143.28,Santander
354,02/07/2025 15:44:20,ITLC34,Compra,20.0,19.89,0.0,-118.48,Santander
355,09/07/2025 11:08:42,NFLX34,Compra,2.0,139.27,0.0,-112.5,Santander
356,10/07/2025 10:48:24,MELI34,Compra,4.0,110.38,0.0,-113.94,Santander
357,09/07/2025 10:55:23,VISA34,Compra,4.0,97.4,0.0,-111.32,Santander
358,10/07/2025 10:44:27,ORCL34,Compra,1.0,219.85,0.0,-117.6,Santander
359,10/07/2025 10:50:25,COCA34,Compra,6.0,63.99,0.0,-114.36,Santander
360,07/07/2025 16:25:54,TSMC34,Compra,2.0,156.05,0.0,-106.0,Santander
361,09/07/2025 10:58:14,SYNE3,Compra,50.0,6.15,0.0,-114.0,Santander
362,14/07/2025 15:20:30,TSMC34,Compra,2.0,159.59,0.0,-102.68,Santander
363,14/07/2025 15:14:30,ORCL34,Compra,2.0,213.97,0.0,-84.25,Santander
364,14/07/2025 15:22:30,NFLX34,Compra,2.0,141.36,0.0,-94.89,Santander
365,21/07/2025 10:01:00,TXSA34,Compra,1.0,170.81,0.0,-98.25,Santander
366,16/07/2025 16:49:51,BKNG34,Compra,2.0,179.41,0.0,-94.91,Santander
367,16/07/2025 16:45:42,BOAC34,Compra,6.0,63.9,0.0,-79.61,Santander
368,16/07/2025 16:47:59,M1TA34,Compra,4.0,139.66,0.0,-71.09,Santander
369,16/07/2025 16:50:23,U1BE34,Compra,1.0,125.98,0.0,-70.44,Santander
370,21/07/2025 14:34:19,TLNC34,Compra,10.0,29.42,0.0,-71.54,Santander
371,21/07/2025 10:11:06,MMMC34,Compra,2.0,212.52,0.0,-75.27,Santander
372,21/07/2025 14:58:17,ITLC34,Compra,6.0,21.61,0.0,-75.93,Santander
373,21/07/2025 14:42:58,TSMC34,Compra,2.0,166.72,0.0,-70.57,Santander
374,23/07/2025 10:59:16,ORCL34,Compra,2.0,222.32,0.0,-59.19,Santander
375,28/07/2025 16:45:15,CHCM34,Compra,5.0,27.72,0.0,-65.44,Santander
376,28/07/2025 11:31:40,R2BL34,Compra,4.0,66.27,0.0,-27.98,Santander
377,23/07/2025 10:55:40,TEXA34,Compra,4.0,69.45,0.0,-36.17,Santander
378,28/07/2025 16:43:21,TLNC34,Compra,6.0,29.31,0.0,-39.89,Santander
379,21/07/2025 16:04:50,G1DS34,Compra,10.0,19.91,0.0,-33.74,Santander
380,31/07/2025 16:41:22,ORCL34,Compra,4.0,237.6,0.0,-74.43,Santander
381,25/07/2025 12:28:20,ITLC34,Compra,14.0,19.01,0.0,-90.95,Santander
382,23/07/2025 11:33:37,SYNE3,Compra,40.0,6.56,0.0,-84.67,Santander
383,01/08/2025 15:24:36,AMZO34,Compra,6.0,59.61,0.0,-91.95,Santander
384,04/08/2025 14:56:16,WINQ25,Compra,1.0,132945.0,0.0,-91.95,Santander
385,04/08/2025 14:56:40,WINQ25,Compra,1.0,132950.0,0.0,-93.95,Santander
386,04/08/2025 14:56:50,WINQ25,Compra,1.0,132950.0,0.0,-94.95,Santander
387,04/08/2025 14:57:13,WINQ25,Compra,1.0,132960.0,0.0,-95.95,Santander
388,01/08/2025 15:44:10,A1MD34,Compra,4.0,119.2,0.0,-96.87,Santander
389,23/07/2025 11:02:28,NFLX34,Compra,2.0,131.26,0.0,-105.22,Santander
390,01/08/2025 15:28:43,ORCL34,Compra,2.0,227.08,0.0,-91.78,Santander
391,05/08/2025 15:12:08,TSMC34,Compra,2.0,160.89,0.0,-92.4,Santander
392,05/08/2025 15:15:07,A1MD34,Compra,4.0,117.04,0.0,-97.66,Santander
393,04/08/2025 14:54:05,AMZO34,Compra,8.0,58.87,0.0,-84.69,Santander
394,05/08/2025 15:19:27,NFLX34,Compra,2.0,126.98,0.0,-77.13,Santander
395,07/08/2025 16:01:22,AAPL34,Compra,4.0,60.04,0.0,-69.93,Santander
396,01/08/2025 15:30:08,ITLC34,Compra,16.0,18.23,0.0,-51.85,Santander
397,07/08/2025 16:22:40,C2RW34,Compra,2.0,105.86,0.0,-56.29,Santander
398,12/08/2025 15:10:46,SSFO34,Compra,1.0,56.95,0.0,-55.68,Santander
399,07/08/2025 16:10:08,AIRB34,Compra,12.0,32.36,0.0,-39.74,Santander
400,12/08/2025 15:05:24,ITLC34,Compra,10.0,19.39,0.0,-15.19,Santander
401,11/08/2025 16:30:48,M1TA34,Compra,2.0,148.98,0.0,-8.25,Santander
402,15/08/2025 14:11:28,TSMC34,Compra,1.0,160.82,0.0,-5.51,Santander
403,15/08/2025 14:15:00,S1BS34,Compra,8.0,22.04,0.0,-9.83,Santander
404,07/08/2025 16:07:19,LILY34,Compra,1.0,116.8,0.0,-1.13,Santander
405,15/08/2025 13:59:03,A1MT34,Compra,2.0,87.53,0.0,-3.59,Santander
406,11/08/2025 16:31:59,SYNE3,Compra,10.0,6.85,0.0,-6.39,Santander
407,08/08/2025 14:53:01,R2BL34,Compra,4.0,66.42,0.0,-16.47,Santander
408,21/08/2025 16:38:48,SYNE3,Compra,10.0,6.52,0.0,-16.57,Santander
409,18/08/2025 16:47:04,MSFT34,Compra,1.0,116.8,0.0,-19.81,Santander
410,07/08/2025 15:56:09,A1MD34,Compra,3.0,116.65,0.0,-32.2,Santander
411,25/08/2025 16:53:35,R1EL34,Compra,1.0,64.89,0.0,-32.23,Santander
412,21/08/2025 16:51:48,COTY34,Compra,2.0,10.5,0.0,-31.92,Santander
413,12/08/2025 15:07:17,M1NS34,Compra,2.0,43.16,0.0,-34.82,Santander
414,15/08/2025 14:10:17,M2ST34,Compra,9.0,27.43,0.0,-38.9,Santander
415,21/08/2025 10:51:40,WALM34,Compra,2.0,33.4,0.0,-40.46,Santander
416,21/08/2025 16:40:05,SYNE3,Compra,20.0,6.52,0.0,-39.86,Santander
417,19/08/2025 14:52:08,BIVE39,Compra,1.0,73.83,0.0,-39.87,Santander
418,20/08/2025 16:51:37,LILY34,Compra,3.0,130.76,0.0,-40.04,Santander
419,19/08/2025 14:50:16,XPBR31,Compra,1.0,89.6,0.0,-38.89,Santander
420,27/08/2025 16:47:01,NVDC34,Compra,6.0,20.48,0.0,-39.01,Santander
421,27/08/2025 10:55:21,A1MD34,Compra,2.0,113.1,0.0,-39.29,Santander
422,04/08/2025 14:33:50,F2NV34,Compra,10.0,5.09,0.0,-36.22,Santander
423,27/08/2025 12:55:00,ORCL34,Compra,1.0,214.02,0.0,-43.42,Santander
424,20/08/2025 16:50:19,A1MT34,Compra,2.0,87.86,0.0,-43.59,Santander
425,01/09/2025 11:17:53,NVDC34,Compra,20.0,19.74,0.0,-42.59,Santander
426,01/09/2025 14:38:31,WINV25,Venda,1.0,143200.0,0.0,-43.59,Santander
427,01/09/2025 14:38:58,WINV25,Venda,1.0,143205.0,0.0,-43.59,Santander
428,01/09/2025 14:39:09,WINV25,Venda,1.0,143205.0,0.0,-46.59,Santander
429,01/09/2025 14:40:30,WINV25,Venda,1.0,143215.0,0.0,-46.59,Santander
430,19/08/2025 14:57:36,M1TA34,Compra,2.0,146.17,0.0,-53.57,Santander
431,27/08/2025 16:50:02,SYNE3,Compra,40.0,6.62,0.0,-38.68,Santander
432,01/09/2025 14:28:54,NVDC34,Compra,20.0,19.81,0.0,-58.28,Santander
433,27/08/2025 12:57:48,MSFT34,Compra,4.0,114.42,0.0,-65.36,Santander
434,15/08/2025 14:17:22,CSCO34,Compra,4.0,71.48,0.0,-62.3,Santander
435,03/09/2025 11:13:11,KHCB34,Compra,2.0,35.97,0.0,-61.2,Santander
436,05/09/2025 14:09:40,V1RS34,Compra,4.0,19.14,0.0,-60.4,Santander
437,03/09/2025 15:57:09,SYNE3,Compra,30.0,6.76,0.0,-50.1,Santander
438,01/09/2025 11:20:26,ORCL34,Compra,2.0,204.42,0.0,12.64,Santander
439,09/09/2025 10:56:12,A1LB34,Compra,10.0,16.75,0.0,10.64,Santander
440,05/09/2025 14:19:29,NVDC34,Compra,8.0,18.76,0.0,19.29,Santander
441,08/09/2025 16:20:42,WFCO34,Compra,1.0,107.26,0.0,21.05,Santander
442,08/09/2025 16:20:04,PEPB34,Compra,2.0,51.14,0.0,22.23,Santander
443,08/09/2025 16:25:16,JBSS32,Compra,1.0,84.93,0.0,22.75,Santander
444,08/09/2025 16:25:42,CSCO34,Compra,1.0,72.37,0.0,23.46,Santander
445,08/09/2025 16:19:25,CHVX34,Compra,2.0,83.23,0.0,26.28,Santander
446,05/09/2025 14:18:25,MSFT34,Compra,4.0,111.47,0.0,36.08,Santander
447,05/09/2025 14:11:30,A1MD34,Compra,4.0,104.16,0.0,46.63,Santander
448,11/09/2025 14:58:20,AAPL34,Compra,2.0,61.85,0.0,48.23,Santander
449,12/09/2025 16:52:31,MSFT34,Compra,2.0,114.04,0.0,47.54,Santander
450,05/09/2025 14:12:55,SCHW34,Compra,4.0,62.51,0.0,42.06,Santander
451,11/09/2025 14:59:57,MCDC34,Compra,2.0,82.9,0.0,37.13,Santander
452,11/09/2025 15:22:10,C2OL34,Compra,10.0,69.65,0.0,29.79,Santander
453,11/09/2025 15:01:34,NFLX34,Compra,4.0,129.67,0.0,19.52,Santander
454,15/09/2025 15:50:42,ORCL34,Compra,2.0,264.71,0.0,29.0,Santander
455,15/09/2025 15:54:03,NVDC34,Compra,16.0,19.62,0.0,23.72,Santander
456,16/09/2025 15:16:52,DISB34,Compra,6.0,40.63,0.0,23.79,Santander
457,15/09/2025 15:47:25,L2RN34,Compra,2.0,183.96,0.0,20.68,Santander
458,16/09/2025 15:15:10,NVDC34,Compra,20.0,19.27,0.0,9.28,Santander
459,16/09/2025 15:19:08,R2BL34,Compra,4.0,72.27,0.0,-4.68,Santander
460,16/09/2025 15:17:51,ORCL34,Compra,1.0,268.59,0.0,-13.44,Santander
461,11/09/2025 15:17:36,SYNE3,Compra,40.0,4.48,0.0,2.94,Santander
462,18/09/2025 15:19:10,TLNC34,Compra,10.0,28.08,0.0,-0.36,Santander
463,18/09/2025 16:06:26,L2RN34,Compra,1.0,187.93,0.0,-0.57,Santander
464,18/09/2025 15:20:32,SIMN34,Compra,1.0,239.59,0.0,-2.16,Santander
465,17/09/2025 13:59:46,C2OL34,Compra,6.0,68.94,0.0,3.81,Santander
466,17/09/2025 14:02:48,U1BE34,Compra,2.0,123.56,0.0,20.08,Santander
467,17/09/2025 16:31:19,NVDC34,Compra,20.0,18.87,0.0,41.98,Santander
468,18/09/2025 15:18:23,DISB34,Compra,6.0,40.75,0.0,36.7,Santander
469,18/09/2025 15:11:07,ORCL34,Compra,1.0,263.68,0.0,54.69,Santander
470,22/09/2025 16:17:50,AMZO34,Compra,4.0,60.88,0.0,48.21,Santander
471,22/09/2025 16:15:59,CSCO34,Compra,4.0,72.45,0.0,42.33,Santander
472,22/09/2025 16:13:58,GOGL34,Compra,4.0,111.8,0.0,35.15,Santander
473,23/09/2025 15:01:32,GPRO34,Compra,10.0,14.71,0.0,1.65,Santander
474,23/09/2025 14:58:54,ORCL34,Compra,2.0,276.19,0.0,-22.92,Santander
475,22/09/2025 16:15:36,SIMN34,Compra,1.0,240.89,0.0,-20.65,Santander
476,25/09/2025 15:54:42,ORCL34,Compra,2.0,261.05,0.0,-37.15,Santander
477,23/09/2025 14:59:47,AMZO34,Compra,4.0,58.67,0.0,-37.61,Santander
478,29/09/2025 15:26:59,WINV25,Venda,1.0,147385.0,0.0,-38.61,Santander
479,29/09/2025 15:28:07,WINV25,Venda,1.0,147365.0,0.0,-39.61,Santander
480,29/09/2025 15:29:55,WINV25,Venda,1.0,147345.0,0.0,-40.61,Santander
481,29/09/2025 15:31:08,WINV25,Compra,1.0,147330.0,0.0,-41.61,Santander
482,25/09/2025 16:01:04,FCXO34,Compra,4.0,63.55,0.0,-29.73,Santander
483,26/09/2025 16:33:14,K2CG34,Compra,20.0,13.9,0.0,-37.13,Santander
484,26/09/2025 16:32:29,TSMC34,Compra,2.0,181.19,0.0,-30.79,Santander
485,25/09/2025 15:55:34,SYNE3,Compra,40.0,5.0,0.0,-23.19,Santander
486,22/09/2025 16:10:22,C2OL34,Compra,4.0,70.14,0.0,-30.16,Santander
487,26/09/2025 16:30:33,ORCL34,Compra,1.0,252.63,0.0,-35.63,Santander
488,29/09/2025 16:05:25,HOND34,Compra,1.0,169.59,0.0,-41.85,Santander
489,23/09/2025 15:04:12,NVDC34,Compra,10.0,19.6,0.0,-31.9,Santander
490,29/09/2025 16:04:20,K1SS34,Compra,1.0,81.45,0.0,-32.15,Santander
491,30/09/2025 16:10:14,MELI34,Compra,6.0,103.24,0.0,-39.5,Santander
492,01/10/2025 15:29:45,MELI34,Compra,6.0,99.18,0.0,-46.92,Santander
493,02/10/2025 16:45:49,WFCO34,Compra,4.0,107.45,0.0,-50.36,Santander
494,25/09/2025 15:56:56,GPRO34,Compra,20.0,11.91,0.0,-54.66,Santander
495,02/10/2025 16:43:24,JPMC34,Compra,4.0,163.74,0.0,-54.15,Santander
496,30/09/2025 16:14:44,ORCL34,Compra,2.0,247.15,0.0,-27.69,Santander
497,06/10/2025 16:41:48,GMCO34,Compra,4.0,77.37,0.0,-33.13,Santander
498,06/10/2025 16:23:41,JBSS32,Compra,4.0,72.19,0.0,-42.17,Santander
499,07/10/2025 15:18:56,TSMC34,Compra,2.0,196.48,0.0,-30.05,Santander
500,06/10/2025 16:31:23,SYNE3,Compra,80.0,5.13,0.0,-42.45,Santander
501,08/10/2025 16:33:29,INBR32,Compra,4.0,46.0,0.0,-43.73,Santander
502,08/10/2025 16:48:15,GMCO34,Compra,3.0,75.51,0.0,-43.91,Santander
503,09/10/2025 14:57:49,SYNE3,Compra,60.0,4.92,0.0,-49.31,Santander
504,09/10/2025 15:08:47,H1SB34,Compra,3.0,90.36,0.0,-48.14,Santander
505,07/10/2025 15:23:33,ORCL34,Compra,1.0,253.18,0.0,-34.65,Santander
506,10/10/2025 16:42:34,W1BO34,Compra,10.0,15.52,0.0,-35.85,Santander
507,10/10/2025 16:39:23,G1DS34,Compra,10.0,18.54,0.0,-36.45,Santander
508,14/10/2025 15:18:14,NVDC34,Compra,20.0,20.69,0.0,-36.85,Santander
509,10/10/2025 16:29:38,SYNE3,Compra,60.0,4.89,0.0,-41.05,Santander
510,08/10/2025 16:46:32,BKNG34,Compra,2.0,156.44,0.0,-26.6,Santander
511,14/10/2025 15:25:14,G1DS34,Compra,10.0,18.56,0.0,-27.0,Santander
512,10/10/2025 16:36:50,K2CG34,Compra,20.0,11.57,0.0,-22.2,Santander
513,06/10/2025 16:39:39,SIMN34,Compra,2.0,239.06,0.0,-12.54,Santander
514,14/10/2025 15:23:53,W1BO34,Compra,20.0,15.44,0.0,-22.99,Santander
515,15/10/2025 15:30:20,A2XO34,Compra,2.0,195.82,0.0,-8.21,Santander
516,20/10/2025 16:47:09,C2OL34,Compra,4.0,75.12,0.0,-13.85,Santander
517,20/10/2025 16:41:49,NVDC34,Compra,20.0,20.47,0.0,-20.25,Santander
518,20/10/2025 16:43:36,TSMC34,Compra,2.0,200.42,0.0,-34.29,Santander
519,23/10/2025 15:19:17,B2YN34,Compra,20.0,16.74,0.0,-50.29,Santander
520,23/10/2025 15:17:25,GPRO34,Compra,20.0,12.07,0.0,-50.69,Santander
521,14/10/2025 15:19:53,ORCL34,Compra,1.0,274.8,0.0,-72.65,Santander
522,27/10/2025 16:43:24,B2YN34,Compra,10.0,10.06,0.0,-74.15,Santander
523,20/10/2025 16:49:34,W1BO34,Compra,10.0,15.18,0.0,-78.15,Santander
524,15/10/2025 16:31:53,SYNE3,Compra,20.0,4.93,0.0,-75.15,Santander
525,27/10/2025 16:51:22,Q2SC34,Compra,4.0,29.24,0.0,-81.95,Santander
526,28/10/2025 15:14:30,WINZ25,Compra,1.0,150410.0,0.0,-83.95,Santander
527,28/10/2025 15:15:00,WINZ25,Compra,1.0,150410.0,0.0,-85.95,Santander
528,28/10/2025 15:15:14,WINZ25,Compra,1.0,150385.0,0.0,-86.95,Santander
529,28/10/2025 15:16:32,WINZ25,Compra,1.0,150320.0,0.0,-87.95,Santander
530,27/10/2025 16:44:56,B2YN34,Compra,4.0,10.06,0.0,-86.71,Santander
531,27/10/2025 11:29:30,ORCL34,Compra,1.0,253.26,0.0,-89.22,Santander
532,23/10/2025 15:41:02,ATTB34,Compra,4.0,44.05,0.0,-82.4,Santander
533,29/10/2025 11:44:30,F1IS34,Compra,1.0,196.56,0.0,-92.91,Santander
534,29/10/2025 15:47:30,ORCL34,Compra,1.0,244.76,0.0,-96.92,Santander
535,29/10/2025 11:46:48,E2NP34,Compra,10.0,6.88,0.0,-101.12,Santander
536,20/10/2025 16:37:26,UBSG34,Compra,1.0,205.55,0.0,-101.92,Santander
537,30/10/2025 15:50:04,ORCL34,Compra,2.0,234.59,0.0,-110.12,Santander
538,27/10/2025 16:47:36,S2GM34,Compra,10.0,10.02,0.0,-99.42,Santander
539,23/10/2025 15:14:34,U1RI34,Compra,3.0,175.93,0.0,-118.84,Santander
540,27/10/2025 11:32:31,M2PM34,Compra,2.0,69.15,0.0,-124.98,Santander
541,31/10/2025 15:54:22,ORCL34,Compra,2.0,233.65,0.0,-132.78,Santander
542,24/10/2025 11:18:32,NFLX34,Compra,4.0,118.54,0.0,-139.1,Santander
543,28/10/2025 15:23:44,GPRO34,Compra,10.0,11.13,0.0,-152.15,Santander
544,31/10/2025 15:57:45,L1MN34,Compra,4.0,52.74,0.0,-120.11,Santander
545,03/11/2025 14:39:17,M1TA34,Compra,4.0,124.49,0.0,-134.23,Santander
546,03/11/2025 14:36:34,ORCL34,Compra,2.0,230.77,0.0,-139.83,Santander
547,30/10/2025 16:05:34,EBAY34,Compra,1.0,228.11,0.0,-147.03,Santander
548,03/11/2025 14:34:26,C1GP34,Compra,50.0,3.76,0.0,-148.53,Santander
549,04/11/2025 14:50:10,L1MN34,Compra,2.0,60.65,0.0,-154.37,Santander
550,04/11/2025 14:38:57,ORCL34,Compra,2.0,225.51,0.0,-159.19,Santander
551,04/11/2025 14:40:58,M1TA34,Compra,2.0,121.22,0.0,-164.99,Santander
552,29/10/2025 11:53:02,PYPL34,Compra,10.0,19.01,0.0,-181.69,Santander
553,10/11/2025 14:54:17,NVDC34,Compra,10.0,21.7,0.0,-184.49,Santander
554,04/11/2025 14:47:58,N1EM34,Compra,1.0,429.75,0.0,-144.7,Santander
555,10/11/2025 14:56:28,ORCL34,Compra,2.0,213.96,0.0,-153.27,Santander
556,11/11/2025 11:07:25,CSCO34,Compra,2.0,75.94,0.0,-155.15,Santander
557,10/11/2025 15:03:15,RGTI34,Compra,1.0,180.88,0.0,-175.3,Santander
558,04/11/2025 14:43:05,Q2SC34,Compra,10.0,27.95,0.0,-163.3,Santander
559,10/11/2025 14:58:44,R2BL34,Compra,2.0,56.52,0.0,-166.64,Santander
560,11/11/2025 11:06:43,S1RP34,Compra,20.0,4.54,0.0,-162.84,Santander
561,11/11/2025 14:11:47,L1MN34,Compra,6.0,50.81,0.0,-167.58,Santander
562,11/11/2025 16:36:56,Q2SC34,Compra,10.0,27.9,0.0,-183.68,Santander
563,11/11/2025 14:15:32,RGTI34,Compra,1.0,161.26,0.0,-190.86,Santander
564,12/11/2025 16:26:14,TSLA34,Compra,4.0,71.17,0.0,-189.9,Santander
565,12/11/2025 16:28:59,TSMC34,Compra,1.0,192.58,0.0,-197.07,Santander
566,11/11/2025 14:23:46,ORCL34,Compra,1.0,206.87,0.0,-212.05,Santander
567,10/11/2025 14:52:57,BKNG34,Compra,2.0,151.13,0.0,-205.27,Santander
568,13/11/2025 15:08:13,TSMC34,Compra,2.0,186.59,0.0,-210.27,Santander
569,11/11/2025 14:22:39,A1MD34,Compra,2.0,157.75,0.0,-195.81,Santander
570,11/11/2025 14:07:06,A1MT34,Compra,2.0,121.18,0.0,-207.21,Santander
571,14/11/2025 16:46:17,L1MN34,Compra,10.0,42.95,0.0,-215.71,Santander
572,14/11/2025 16:53:32,P1DD34,Compra,4.0,68.89,0.0,-215.63,Santander
573,14/11/2025 17:11:45,WUNI34,Compra,10.0,46.89,0.0,-213.93,Santander
574,17/11/2025 14:53:32,L1MN34,Compra,6.0,43.41,0.0,-221.55,Santander
575,17/11/2025 15:02:23,ITLC34,Compra,10.0,31.08,0.0,-229.95,Santander
576,17/11/2025 15:05:56,A1MD34,Compra,1.0,160.52,0.0,-237.15,Santander
577,10/11/2025 14:57:24,SYNE3,Compra,100.0,4.9,0.0,-224.15,Santander
578,19/11/2025 16:45:04,A1MD34,Compra,2.0,147.39,0.0,-238.55,Santander
579,17/11/2025 15:00:55,NVDC34,Compra,10.0,20.64,0.0,-247.05,Santander
580,19/11/2025 16:53:14,AMZO34,Compra,2.0,59.05,0.0,-246.97,Santander
581,19/11/2025 16:48:52,L1MN34,Compra,10.0,40.55,0.0,-237.57,Santander
582,17/11/2025 15:06:31,AAPL34,Compra,4.0,71.03,0.0,-229.09,Santander
583,21/11/2025 15:21:33,NVDC34,Compra,10.0,20.23,0.0,-236.69,Santander
584,21/11/2025 15:27:01,ORCL34,Compra,1.0,178.08,0.0,-241.53,Santander
585,21/11/2025 15:04:54,S2EA34,Compra,8.0,28.32,0.0,-237.85,Santander
586,24/11/2025 15:14:49,H1SB34,Compra,2.0,92.85,0.0,-236.53,Santander
587,21/11/2025 15:20:15,A1MD34,Compra,2.0,136.57,0.0,-223.25,Santander
588,21/11/2025 15:07:40,MUTC34,Compra,2.0,182.99,0.0,-189.33,Santander
589,27/11/2025 14:56:25,WINZ25,Venda,1.0,159605.0,0.0,-190.33,Santander
590,27/11/2025 14:56:50,WINZ25,Compra,1.0,159600.0,0.0,-192.33,Santander
591,27/11/2025 14:57:09,WINZ25,Compra,1.0,159595.0,0.0,-193.33,Santander
592,27/11/2025 14:57:19,WINZ25,Compra,1.0,159595.0,0.0,-194.33,Santander
593,26/11/2025 16:29:23,LILY34,Compra,1.0,196.89,0.0,-201.53,Santander
594,26/11/2025 16:46:52,AAPL34,Compra,4.0,74.21,0.0,-201.81,Santander
595,28/11/2025 16:21:27,SYNE3,Compra,40.0,5.22,0.0,-206.61,Santander
596,19/11/2025 16:50:59,ITLC34,Compra,6.0,30.96,0.0,-175.11,Santander
597,28/11/2025 16:12:56,LILY34,Compra,2.0,190.88,0.0,-182.05,Santander
598,01/12/2025 16:24:08,V1RS34,Compra,4.0,15.98,0.0,-182.85,Santander
599,26/11/2025 16:34:55,GOGL34,Compra,4.0,141.97,0.0,-188.69,Santander
600,26/11/2025 16:30:58,CSCO34,Compra,2.0,81.53,0.0,-188.33,Santander
601,02/12/2025 16:14:24,O1KT34,Compra,6.0,21.96,0.0,-197.33,Santander
602,26/11/2025 16:28:36,C2RW34,Compra,2.0,122.24,0.0,-194.01,Santander
603,21/11/2025 15:24:29,L1MN34,Compra,4.0,41.64,0.0,-172.83,Santander
604,02/12/2025 16:18:32,S2GM34,Compra,10.0,18.4,0.0,-184.13,Santander
605,02/12/2025 16:11:06,LILY34,Compra,2.0,186.27,0.0,-193.17,Santander
606,26/11/2025 16:26:08,H1SB34,Compra,2.0,94.46,0.0,-192.65,Santander
607,02/12/2025 16:23:19,W2YF34,Compra,20.0,15.58,0.0,-212.85,Santander
608,01/12/2025 16:10:55,W1MG34,Compra,4.0,37.82,0.0,-211.47,Santander
609,02/12/2025 16:06:23,N2VC34,Compra,10.0,5.95,0.0,-209.07,Santander
610,02/12/2025 16:17:04,F2VR34,Compra,10.0,5.66,0.0,-209.07,Santander
611,03/12/2025 15:50:23,STOC34,Compra,4.0,87.31,0.0,-223.39,Santander
612,03/12/2025 15:44:26,S2GM34,Compra,20.0,17.6,0.0,-239.52,Santander
613,03/12/2025 15:48:13,MACY34,Compra,4.0,122.63,0.0,-229.96,Santander
614,03/12/2025 15:23:09,W2YF34,Compra,20.0,14.62,0.0,-225.16,Santander
615,04/12/2025 15:32:15,E1XC34,Compra,1.0,233.35,0.0,-219.31,Santander
616,02/12/2025 16:27:15,G1FI34,Compra,2.0,109.45,0.0,-208.97,Santander
617,04/12/2025 15:28:30,S2NW34,Compra,6.0,31.46,0.0,-210.58,Santander
618,04/12/2025 15:35:27,ITLC34,Compra,4.0,36.5,0.0,-204.18,Santander
619,03/12/2025 15:53:08,C2RW34,Compra,1.0,124.4,0.0,-201.47,Santander
620,05/12/2025 16:43:51,XPBR31,Compra,4.0,97.6,0.0,-201.35,Santander
621,05/12/2025 16:39:57,INBR32,Compra,4.0,45.04,0.0,-200.23,Santander
622,05/12/2025 16:41:19,NFLX34,Compra,40.0,10.98,0.0,-211.03,Santander
623,05/12/2025 16:49:49,W1RB34,Compra,4.0,36.56,0.0,-211.83,Santander
624,08/12/2025 14:27:20,AAPL34,Compra,3.0,75.56,0.0,-212.64,Santander
625,05/12/2025 16:58:29,S2GM34,Compra,8.0,17.42,0.0,-206.32,Santander
626,08/12/2025 14:45:31,TSLA34,Compra,4.0,74.42,0.0,-197.32,Santander
627,08/12/2025 14:41:22,I1NC34,Compra,1.0,269.08,0.0,-204.32,Santander
628,05/12/2025 16:52:09,SYNE3,Compra,60.0,5.07,0.0,-193.82,Santander
629,09/12/2025 16:30:10,VERZ34,Compra,6.0,36.62,0.0,-194.9,Santander
630,08/12/2025 14:38:56,M2RV34,Compra,4.0,49.76,0.0,-202.3,Santander
631,09/12/2025 16:05:32,V1RT34,Compra,2.0,97.05,0.0,-208.38,Santander
632,09/12/2025 16:33:04,STOC34,Compra,2.0,78.88,0.0,-201.7,Santander
633,10/12/2025 11:05:44,W1MG34,Compra,4.0,38.68,0.0,-207.14,Santander
634,11/12/2025 15:40:09,M2PT34,Compra,10.0,13.8,0.0,-209.34,Santander
635,11/12/2025 15:55:34,AAPL34,Compra,1.0,75.01,0.0,-209.35,Santander
636,11/12/2025 15:55:56,AAPL34,Compra,1.0,75.03,0.0,-209.38,Santander
637,11/12/2025 15:56:37,AAPL34,Compra,1.0,75.02,0.0,-209.37,Santander
638,11/12/2025 15:43:32,V1RT34,Compra,1.0,95.19,0.0,-216.57,Santander
639,11/12/2025 15:50:49,GOGL34,Compra,2.0,140.76,0.0,-218.52,Santander
640,12/12/2025 14:37:24,GOGL34,Venda,1.0,138.92,0.0,-218.68,Santander
641,09/12/2025 16:28:52,BCSA34,Compra,1.0,59.82,0.0,-213.68,Santander
642,09/12/2025 16:25:56,A1MT34,Compra,3.0,145.36,0.0,-227.9,Santander
643,05/12/2025 16:53:59,L1MN34,Compra,6.0,45.85,0.0,-238.22,Santander
644,11/12/2025 15:47:14,S2GM34,Compra,10.0,20.18,0.0,-249.52,Santander
645,12/12/2025 14:42:34,GOGL34,Compra,2.0,139.26,0.0,-250.17,Santander
646,15/12/2025 15:51:11,GOGL34,Venda,1.0,138.94,0.0,-250.21,Santander
647,05/12/2025 16:57:43,LILY34,Compra,2.0,181.29,0.0,-230.45,Santander
648,11/12/2025 15:49:34,ITLC34,Compra,4.0,35.56,0.0,-236.73,Santander
649,15/12/2025 16:24:07,K2CG34,Compra,20.0,9.9,0.0,-234.73,Santander
650,15/12/2025 16:25:21,L1MN34,Compra,4.0,44.89,0.0,-238.73,Santander
651,16/12/2025 16:21:33,A2RR34,Compra,4.0,42.85,0.0,-234.61,Santander
652,17/12/2025 13:13:30,GOGL34,Compra,2.0,137.27,0.0,-236.89,Santander
653,16/12/2025 16:23:19,CTGP34,Compra,1.0,101.24,0.0,-233.77,Santander
654,15/12/2025 16:19:03,AAPL34,Compra,1.0,74.04,0.0,-232.69,Santander
655,13/11/2025 15:14:09,C2OL34,Compra,8.0,84.13,0.0,-224.03,Santander
656,12/12/2025 14:35:59,TSMC34,Compra,2.0,197.81,0.0,-214.24,Santander
657,19/12/2025 16:02:25,V1ST34,Compra,2.0,65.27,0.0,-215.18,Santander
658,23/12/2025 10:37:05,WING26,Venda,1.0,161840.0,0.0,-218.18,Santander
659,23/12/2025 10:37:23,WING26,Venda,1.0,161835.0,0.0,-216.18,Santander
660,23/12/2025 10:37:29,WING26,Venda,1.0,161830.0,0.0,-219.18,Santander
661,23/12/2025 10:37:41,WING26,Venda,1.0,161880.0,0.0,-217.18,Santander
662,22/12/2025 16:38:22,R2BL34,Compra,4.0,45.75,0.0,-221.34,Santander
663,11/12/2025 15:33:53,ORCL34,Compra,1.0,175.12,0.0,-213.51,Santander
664,22/12/2025 16:22:48,ITLC34,Compra,4.0,34.05,0.0,-215.75,Santander
665,15/12/2025 16:20:48,SYNE3,Compra,80.0,4.94,0.0,-210.44,Santander
666,26/12/2025 16:13:02,BAIQ39,Compra,4.0,47.76,0.0,-210.52,Santander
667,22/12/2025 16:47:59,WALM34,Compra,6.0,39.32,0.0,-211.18,Santander
668,29/12/2025 17:18:02,S2GM34,Compra,10.0,24.88,0.0,-201.38,Santander
669,29/12/2025 17:16:02,AURA33,Compra,2.0,90.87,0.0,-196.44,Santander
670,30/12/2025 14:28:55,AURA33,Venda,2.0,93.34,0.0,-196.58,Santander
671,26/12/2025 16:04:03,ITLC34,Compra,8.0,33.51,0.0,-190.38,Santander
672,15/12/2025 16:22:43,RIGG34,Compra,10.0,22.09,0.0,-183.48,Santander
673,30/12/2025 14:21:04,M1RN34,Compra,16.0,8.48,0.0,-184.11,Santander
674,26/12/2025 16:07:20,MUTC34,Compra,1.0,264.03,0.0,-178.13,Santander
675,18/12/2025 15:47:52,L1MN34,Compra,6.0,42.79,0.0,-179.27,Santander
676,12/12/2025 14:23:07,AVGO34,Compra,8.0,27.33,0.0,-178.0,Santander
677,18/12/2025 15:57:19,NIKE34,Compra,17.0,33.43,0.0,-193.11,Santander
678,30/12/2025 14:27:35,TSLA34,Compra,2.0,79.3,0.0,-193.65,Santander
679,15/12/2025 16:02:38,BCSA34,Compra,2.0,63.06,0.0,-189.31,Santander
680,30/12/2025 14:29:25,AURA33,Compra,1.0,93.41,0.0,-189.38,Santander
681,30/12/2025 14:19:00,A2RR34,Compra,2.0,45.55,0.0,-189.28,Santander
682,22/12/2025 16:09:15,C2OL34,Compra,1.0,87.64,0.0,-188.62,Santander
683,08/12/2025 15:29:42,JNJB34,Compra,1.0,73.14,0.0,-186.07,Santander
684,30/12/2025 14:48:10,AAPL34,Venda,2.0,74.79,0.0,-186.23,Santander
685,30/12/2025 14:50:10,BCSA34,Compra,2.0,65.59,0.0,-186.95,Santander
686,30/12/2025 14:50:15,JNJB34,Compra,1.0,75.89,0.0,-187.15,Santander
687,02/01/2026 16:38:36,PAGS34,Compra,20.0,10.61,0.0,-0.38,Santander
688,02/01/2026 16:43:32,TSLA34,Compra,2.0,74.49,0.0,4.2,Santander
689,05/01/2026 14:57:08,A2RR34,Compra,4.0,42.53,0.0,24.0,Santander
690,02/01/2026 16:36:09,MSCD34,Compra,4.0,98.58,0.0,31.12,Santander
691,02/01/2026 16:31:07,G1FI34,Compra,2.0,116.12,0.0,51.61,Santander
692,06/01/2026 15:19:40,TSLA34,Compra,4.0,72.13,0.0,53.46,Santander
693,02/01/2026 16:41:26,AAPL34,Compra,12.0,72.39,0.0,37.07,Santander
694,07/01/2026 15:03:01,INGG34,Compra,2.0,142.5,0.0,52.91,Santander
695,07/01/2026 15:06:59,N1WG34,Compra,2.0,92.48,0.0,55.15,Santander
696,07/01/2026 15:12:12,AAPL34,Compra,2.0,70.48,0.0,52.51,Santander
697,02/01/2026 16:34:38,SIMN34,Compra,1.0,250.49,0.0,50.13,Santander
698,06/01/2026 15:22:05,JNJB34,Compra,6.0,73.68,0.0,50.31,Santander
699,02/01/2026 11:26:52,BCSA34,Compra,6.0,64.9,0.0,42.57,Santander
700,02/01/2026 16:45:18,SYNE3,Compra,40.0,4.85,0.0,38.57,Santander
701,08/01/2026 15:05:17,N2ET34,Compra,2.0,56.17,0.0,35.55,Santander
702,07/01/2026 15:09:40,AURA33,Compra,1.0,91.96,0.0,38.23,Santander
703,08/01/2026 15:01:45,S2GM34,Compra,10.0,23.9,0.0,66.83,Santander
704,08/01/2026 15:17:05,MUTC34,Compra,1.0,294.58,0.0,81.23,Santander
705,07/01/2026 14:58:52,A2RR34,Compra,6.0,44.14,0.0,80.18,Santander
706,09/01/2026 15:59:38,JNJB34,Compra,4.0,73.22,0.0,96.2,Santander
707,09/01/2026 16:00:52,TXSA34,Compra,1.0,215.95,0.0,106.41,Santander
708,09/01/2026 15:57:05,SYNE3,Compra,80.0,4.77,0.0,104.81,Santander
709,14/01/2026 16:14:48,U2ST34,Compra,10.0,11.27,0.0,107.91,Santander
710,12/01/2026 14:29:50,AXPB34,Compra,2.0,193.61,0.0,114.37,Santander
711,09/01/2026 15:58:54,GMCO34,Compra,4.0,110.35,0.0,102.11,Santander
712,19/01/2026 14:45:40,JNJB34,Compra,1.0,77.84,0.0,101.84,Santander
713,16/01/2026 16:38:21,BIDU34,Compra,3.0,57.1,0.0,107.45,Santander
714,19/01/2026 14:35:29,H1SB34,Compra,1.0,109.98,0.0,108.13,Santander
715,20/01/2026 14:47:40,WING26,Venda,1.0,167570.0,0.0,108.13,Santander
716,20/01/2026 14:47:58,WING26,Venda,1.0,167595.0,0.0,106.13,Santander
717,20/01/2026 14:48:11,WING26,Venda,1.0,167595.0,0.0,104.13,Santander
718,20/01/2026 14:48:43,WING26,Venda,1.0,167595.0,0.0,97.13,Santander
719,20/01/2026 14:48:46,WING26,Compra,1.0,167625.0,0.0,98.13,Santander
720,15/01/2026 14:28:45,S2GM34,Compra,4.0,27.67,0.0,78.45,Santander
721,09/01/2026 17:06:11,SIMN34,Compra,1.0,248.11,0.0,77.07,Santander
722,16/01/2026 16:29:13,A1LB34,Compra,4.0,36.9,0.0,84.47,Santander
723,21/01/2026 16:28:17,MSFT34,Compra,2.0,97.77,0.0,87.45,Santander
724,20/01/2026 14:27:43,G1DS34,Compra,6.0,21.06,0.0,95.67,Santander
725,19/01/2026 14:27:23,NVDC34,Compra,6.0,20.28,0.0,96.27,Santander
726,14/01/2026 16:17:52,S1BS34,Compra,4.0,45.67,0.0,100.45,Santander
727,20/01/2026 14:44:05,MSBR34,Compra,1.0,197.74,0.0,90.91,Santander
728,21/01/2026 16:18:47,S2GM34,Compra,4.0,21.99,0.0,98.63,Santander
729,22/01/2026 14:30:24,L1RC34,Compra,8.0,26.85,0.0,110.03,Santander
730,27/01/2026 14:39:55,TSLA34,Compra,1.0,70.92,0.0,109.0,Santander
731,26/01/2026 15:46:33,ITLC34,Compra,6.0,37.59,0.0,136.96,Santander
732,27/01/2026 14:35:10,WALM34,Compra,6.0,37.94,0.0,136.87,Santander
733,22/01/2026 14:44:25,M1UF34,Compra,2.0,95.38,0.0,130.13,Santander
734,20/01/2026 14:33:51,N1DA34,Compra,1.0,266.0,0.0,116.03,Santander
735,29/01/2026 15:57:41,MSFT34,Compra,2.0,91.56,0.0,119.06,Santander
736,21/01/2026 16:34:51,S2HO34,Compra,20.0,6.2,0.0,104.86,Santander
737,14/01/2026 16:28:41,BOAC34,Compra,4.0,68.93,0.0,114.32,Santander
738,14/01/2026 16:25:58,WFCO34,Compra,2.0,119.47,0.0,119.2,Santander
739,12/01/2026 14:34:24,CTGP34,Compra,2.0,104.53,0.0,115.57,Santander
740,28/01/2026 15:28:08,A1LB34,Compra,6.0,40.26,0.0,84.01,Santander
741,22/01/2026 14:36:54,TSMC34,Compra,1.0,219.51,0.0,91.62,Santander
742,30/01/2026 17:01:11,S1BS34,Compra,7.0,44.26,0.0,90.16,Santander
743,28/01/2026 15:30:57,GSGI34,Compra,1.0,161.97,0.0,92.06,Santander
744,13/01/2026 14:41:23,JPMC34,Compra,2.0,168.78,0.0,80.26,Santander
745,29/01/2026 15:57:41,MSFT34,Compra,2.0,91.56,0.0,3.03,Santander
746,21/01/2026 16:34:51,S2HO34,Compra,20.0,6.2,0.0,-11.17,Santander
747,02/02/2026 16:07:20,GOLD11,Compra,8.0,25.52,0.0,0.55,Santander
748,14/01/2026 16:28:41,BOAC34,Compra,4.0,68.93,0.0,10.01,Santander
749,14/01/2026 16:25:58,WFCO34,Compra,2.0,119.47,0.0,14.89,Santander
750,12/01/2026 14:34:24,CTGP34,Compra,2.0,104.53,0.0,11.26,Santander
751,03/02/2026 14:42:48,LILY34,Compra,1.0,175.26,0.0,27.5,Santander
752,28/01/2026 15:28:08,A1LB34,Compra,6.0,40.26,0.0,-4.06,Santander
753,04/02/2026 16:44:38,L1MN34,Compra,8.0,33.63,0.0,46.18,Santander
754,22/01/2026 14:36:54,TSMC34,Compra,1.0,219.51,0.0,53.79,Santander
755,04/02/2026 16:55:01,SYNE3,Compra,80.0,4.9,0.0,51.39,Santander
756,06/02/2026 16:07:52,GOGL34,Compra,1.0,141.11,0.0,51.48,Santander
757,04/02/2026 16:49:27,P2LT34,Compra,1.0,242.78,0.0,58.09,Santander
758,06/02/2026 16:10:42,GOGL34,Compra,2.0,141.27,0.0,57.07,Santander
759,04/02/2026 16:45:35,A1MD34,Compra,1.0,133.06,0.0,64.67,Santander
760,06/02/2026 15:49:29,R1EL34,Compra,2.0,38.52,0.0,63.31,Santander
761,05/02/2026 17:17:54,A1LB34,Compra,6.0,34.92,0.0,71.22,Santander
762,03/02/2026 14:44:05,A1MT34,Compra,1.0,165.83,0.0,78.74,Santander
763,06/02/2026 16:09:26,AMZO34,Compra,4.0,53.76,0.0,82.0,Santander
764,09/02/2026 16:14:42,M1NS34,Compra,4.0,52.67,0.0,79.87,Santander
765,09/02/2026 16:16:57,N1WG34,Compra,2.0,89.34,0.0,73.27,Santander
766,09/02/2026 16:19:44,R1EL34,Compra,4.0,38.1,0.0,73.35,Santander
767,03/02/2026 14:35:38,N1DA34,Compra,1.0,227.24,0.0,63.26,Santander
768,30/01/2026 17:01:11,S1BS34,Compra,7.0,44.26,0.0,61.8,Santander
769,28/01/2026 15:30:57,GSGI34,Compra,1.0,161.97,0.0,63.7,Santander
770,09/02/2026 16:07:17,A2RR34,Compra,4.0,41.83,0.0,59.94,Santander
771,10/02/2026 14:49:01,RIGG34,Compra,10.0,27.12,0.0,59.94,Santander
772,10/02/2026 15:16:39,RIGG34,Compra,20.0,27.27,0.0,120.64,Santander
773,10/02/2026 15:25:40,L1RC34,Compra,10.0,26.88,0.0,129.59,Santander
774,10/02/2026 15:28:34,KNCA11,Compra,4.0,97.19,0.0,127.39,Santander
775,10/02/2026 14:55:49,CTGP34,Compra,2.0,104.88,0.0,111.37,Santander
776,11/02/2026 17:07:29,BCSA34,Compra,4.0,63.88,0.0,117.53,Santander
777,11/02/2026 17:10:50,SCHW34,Compra,2.0,62.68,0.0,116.75,Santander
778,11/02/2026 17:03:23,KNCA11,Compra,4.0,96.66,0.0,114.99,Santander
779,11/02/2026 16:52:30,INGG34,Compra,1.0,157.22,0.0,110.6,Santander
780,10/02/2026 14:56:36,ITLC34,Compra,12.0,41.33,0.0,105.67,Santander
781,11/02/2026 16:54:06,USBC34,Compra,4.0,76.96,0.0,103.75,Santander
782,18/02/2026 15:19:05,WING26,Venda,1.0,185595.0,0.0,100.75,Santander
783,18/02/2026 15:19:14,WING26,Venda,1.0,185550.0,0.0,96.75,Santander
784,18/02/2026 15:19:30,WING26,Venda,1.0,185570.0,0.0,89.75,Santander
785,18/02/2026 15:19:44,WING26,Venda,1.0,185575.0,0.0,83.75,Santander
786,18/02/2026 14:53:24,AURA33,Compra,2.0,121.79,0.0,93.02,Santander
787,18/02/2026 14:52:42,SNAG11,Compra,20.0,10.7,0.0,94.62,Santander
788,18/02/2026 14:54:31,G1FI34,Compra,2.0,136.85,0.0,96.32,Santander
789,11/02/2026 17:11:36,WFCO34,Compra,2.0,115.48,0.0,93.19,Santander
790,13/01/2026 14:41:23,JPMC34,Compra,2.0,168.78,0.0,81.39,Santander
791,20/02/2026 15:24:59,MSFT34,Compra,4.0,85.87,0.0,81.31,Santander
792,20/02/2026 15:15:46,EXXO34,Compra,4.0,95.3,0.0,86.66,Santander
793,20/02/2026 15:28:07,WALM34,Compra,8.0,39.39,0.0,95.06,Santander
794,20/02/2026 15:32:48,LILY34,Compra,1.0,175.53,0.0,102.0,Santander
795,18/02/2026 14:56:27,C2OL34,Compra,2.0,101.35,0.0,107.1,Santander
796,18/02/2026 14:57:32,A1MD34,Compra,2.0,132.54,0.0,120.22,Santander
797,23/02/2026 14:50:49,L1RC34,Compra,6.0,28.02,0.0,124.5,Santander
798,18/02/2026 14:37:36,ITLC34,Compra,4.0,40.22,0.0,120.98,Santander
799,23/02/2026 14:54:47,C2RW34,Compra,1.0,82.05,0.0,120.94,Santander
800,23/02/2026 15:17:33,CTGP34,Compra,4.0,94.9,0.0,137.66,Santander
801,24/02/2026 15:35:09,C2RW34,Compra,2.0,82.17,0.0,149.7,Santander
802,23/02/2026 15:13:13,AXPB34,Compra,1.0,164.66,0.0,156.07,Santander
803,23/02/2026 15:19:05,JPMC34,Compra,2.0,153.82,0.0,162.15,Santander
804,18/02/2026 14:58:54,S1BS34,Compra,6.0,42.0,0.0,159.76,Santander
805,20/02/2026 15:37:47,D1OW34,Compra,8.0,39.08,0.0,146.33,Santander
806,23/02/2026 15:15:07,ROXO34,Compra,20.0,14.12,0.0,118.73,Santander
807,26/02/2026 15:07:53,S2ED34,Compra,20.0,5.88,0.0,119.93,Santander
808,26/02/2026 15:16:14,FCXO34,Compra,1.0,114.63,0.0,118.88,Santander
809,24/02/2026 15:33:33,GOGL34,Compra,2.0,133.36,0.0,116.82,Santander
810,26/02/2026 15:12:33,RIGG34,Compra,6.0,33.02,0.0,117.78,Santander
811,26/02/2026 15:14:36,ASML34,Compra,2.0,136.08,0.0,94.82,Santander
812,26/02/2026 15:30:02,L1RC34,Compra,4.0,27.57,0.0,80.5,Santander
813,26/02/2026 15:17:12,TSMC34,Compra,1.0,239.99,0.0,59.56,Santander
814,26/02/2026 15:13:40,A1MT34,Compra,1.0,191.9,0.0,36.42,Santander
815,26/02/2026 15:09:55,A1LB34,Compra,4.0,39.25,0.0,35.85,Santander
816,29/01/2026 15:57:41,MSFT34,Compra,2.0,91.56,0.0,3.03,Santander
817,21/01/2026 16:34:51,S2HO34,Compra,20.0,6.2,0.0,-11.17,Santander
818,02/02/2026 16:07:20,GOLD11,Compra,8.0,25.52,0.0,0.55,Santander
819,14/01/2026 16:28:41,BOAC34,Compra,4.0,68.93,0.0,10.01,Santander
820,14/01/2026 16:25:58,WFCO34,Compra,2.0,119.47,0.0,14.89,Santander
821,12/01/2026 14:34:24,CTGP34,Compra,2.0,104.53,0.0,11.26,Santander
822,03/02/2026 14:42:48,LILY34,Compra,1.0,175.26,0.0,27.5,Santander
823,28/01/2026 15:28:08,A1LB34,Compra,6.0,40.26,0.0,-4.06,Santander
824,04/02/2026 16:44:38,L1MN34,Compra,8.0,33.63,0.0,46.18,Santander
825,22/01/2026 14:36:54,TSMC34,Compra,1.0,219.51,0.0,53.79,Santander
826,04/02/2026 16:55:01,SYNE3,Compra,80.0,4.9,0.0,51.39,Santander
827,06/02/2026 16:07:52,GOGL34,Compra,1.0,141.11,0.0,51.48,Santander
828,04/02/2026 16:49:27,P2LT34,Compra,1.0,242.78,0.0,58.09,Santander
829,06/02/2026 16:10:42,GOGL34,Compra,2.0,141.27,0.0,57.07,Santander
830,04/02/2026 16:45:35,A1MD34,Compra,1.0,133.06,0.0,64.67,Santander
831,06/02/2026 15:49:29,R1EL34,Compra,2.0,38.52,0.0,63.31,Santander
832,05/02/2026 17:17:54,A1LB34,Compra,6.0,34.92,0.0,71.22,Santander
833,03/02/2026 14:44:05,A1MT34,Compra,1.0,165.83,0.0,78.74,Santander
834,06/02/2026 16:09:26,AMZO34,Compra,4.0,53.76,0.0,82.0,Santander
835,09/02/2026 16:14:42,M1NS34,Compra,4.0,52.67,0.0,79.87,Santander
836,09/02/2026 16:16:57,N1WG34,Compra,2.0,89.34,0.0,73.27,Santander
837,09/02/2026 16:19:44,R1EL34,Compra,4.0,38.1,0.0,73.35,Santander
838,03/02/2026 14:35:38,N1DA34,Compra,1.0,227.24,0.0,63.26,Santander
839,30/01/2026 17:01:11,S1BS34,Compra,7.0,44.26,0.0,61.8,Santander
840,28/01/2026 15:30:57,GSGI34,Compra,1.0,161.97,0.0,63.7,Santander
841,09/02/2026 16:07:17,A2RR34,Compra,4.0,41.83,0.0,59.94,Santander
842,10/02/2026 14:49:01,RIGG34,Compra,10.0,27.12,0.0,59.94,Santander
843,10/02/2026 15:16:39,RIGG34,Compra,20.0,27.27,0.0,120.64,Santander
844,10/02/2026 15:25:40,L1RC34,Compra,10.0,26.88,0.0,129.59,Santander
845,10/02/2026 15:28:34,KNCA11,Compra,4.0,97.19,0.0,127.39,Santander
846,10/02/2026 14:55:49,CTGP34,Compra,2.0,104.88,0.0,111.37,Santander
847,11/02/2026 17:07:29,BCSA34,Compra,4.0,63.88,0.0,117.53,Santander
848,11/02/2026 17:10:50,SCHW34,Compra,2.0,62.68,0.0,116.75,Santander
849,11/02/2026 17:03:23,KNCA11,Compra,4.0,96.66,0.0,114.99,Santander
850,11/02/2026 16:52:30,INGG34,Compra,1.0,157.22,0.0,110.6,Santander
851,10/02/2026 14:56:36,ITLC34,Compra,12.0,41.33,0.0,105.67,Santander
852,11/02/2026 16:54:06,USBC34,Compra,4.0,76.96,0.0,103.75,Santander
853,18/02/2026 15:19:05,WING26,Venda,1.0,185595.0,0.0,100.75,Santander
854,18/02/2026 15:19:14,WING26,Venda,1.0,185550.0,0.0,96.75,Santander
855,18/02/2026 15:19:30,WING26,Venda,1.0,185570.0,0.0,89.75,Santander
856,18/02/2026 15:19:44,WING26,Venda,1.0,185575.0,0.0,83.75,Santander
857,18/02/2026 14:53:24,AURA33,Compra,2.0,121.79,0.0,93.02,Santander
858,18/02/2026 14:52:42,SNAG11,Compra,20.0,10.7,0.0,94.62,Santander
859,18/02/2026 14:54:31,G1FI34,Compra,2.0,136.85,0.0,96.32,Santander
860,11/02/2026 17:11:36,WFCO34,Compra,2.0,115.48,0.0,93.19,Santander
861,13/01/2026 14:41:23,JPMC34,Compra,2.0,168.78,0.0,81.39,Santander
862,20/02/2026 15:24:59,MSFT34,Compra,4.0,85.87,0.0,81.31,Santander
863,20/02/2026 15:15:46,EXXO34,Compra,4.0,95.3,0.0,86.66,Santander
864,20/02/2026 15:28:07,WALM34,Compra,8.0,39.39,0.0,95.06,Santander
865,20/02/2026 15:32:48,LILY34,Compra,1.0,175.53,0.0,102.0,Santander
866,18/02/2026 14:56:27,C2OL34,Compra,2.0,101.35,0.0,107.1,Santander
867,18/02/2026 14:57:32,A1MD34,Compra,2.0,132.54,0.0,120.22,Santander
868,23/02/2026 14:50:49,L1RC34,Compra,6.0,28.02,0.0,124.5,Santander
869,18/02/2026 14:37:36,ITLC34,Compra,4.0,40.22,0.0,120.98,Santander
870,23/02/2026 14:54:47,C2RW34,Compra,1.0,82.05,0.0,120.94,Santander
871,23/02/2026 15:17:33,CTGP34,Compra,4.0,94.9,0.0,137.66,Santander
872,24/02/2026 15:35:09,C2RW34,Compra,2.0,82.17,0.0,149.7,Santander
873,23/02/2026 15:13:13,AXPB34,Compra,1.0,164.66,0.0,156.07,Santander
874,23/02/2026 15:19:05,JPMC34,Compra,2.0,153.82,0.0,162.15,Santander
875,18/02/2026 14:58:54,S1BS34,Compra,6.0,42.0,0.0,159.76,Santander
876,20/02/2026 15:37:47,D1OW34,Compra,8.0,39.08,0.0,146.33,Santander
877,23/02/2026 15:15:07,ROXO34,Compra,20.0,14.12,0.0,118.73,Santander
878,26/02/2026 15:07:53,S2ED34,Compra,20.0,5.88,0.0,119.93,Santander
879,26/02/2026 15:16:14,FCXO34,Compra,1.0,114.63,0.0,118.88,Santander
880,24/02/2026 15:33:33,GOGL34,Compra,2.0,133.36,0.0,116.82,Santander
881,26/02/2026 15:12:33,RIGG34,Compra,6.0,33.02,0.0,117.78,Santander
882,26/02/2026 15:14:36,ASML34,Compra,2.0,136.08,0.0,94.82,Santander
883,26/02/2026 15:30:02,L1RC34,Compra,4.0,27.57,0.0,80.5,Santander
884,26/02/2026 15:17:12,TSMC34,Compra,1.0,239.99,0.0,59.56,Santander
885,26/02/2026 15:13:40,A1MT34,Compra,1.0,191.9,0.0,36.42,Santander
886,26/02/2026 15:09:55,A1LB34,Compra,4.0,39.25,0.0,35.85,Santander
887,26/02/2026 15:07:53,S2ED34,Compra,20.0,5.88,0.0,1.2,Santander
888,02/03/2026 16:39:55,C2OL34,Compra,2.0,86.13,0.0,-0.78,Santander
889,26/02/2026 15:16:14,FCXO34,Compra,1.0,114.63,0.0,-1.83,Santander
890,03/03/2026 12:01:59,WALM34,Venda,4.0,42.11,0.0,-0.83,Santander
891,24/02/2026 15:33:33,GOGL34,Compra,2.0,133.36,0.0,-2.89,Santander
892,03/03/2026 14:57:06,BCSA34,Compra,2.0,59.02,0.0,-3.93,Santander
893,03/03/2026 17:40:08,ITLC34,Compra,4.0,38.13,0.0,2.75,Santander
894,26/02/2026 15:12:33,RIGG34,Compra,6.0,33.02,0.0,3.71,Santander
895,04/03/2026 16:20:27,KNCA11,Compra,3.0,95.36,0.0,3.6,Santander
896,26/02/2026 15:14:36,ASML34,Compra,2.0,136.08,0.0,-19.36,Santander
897,26/02/2026 15:30:02,L1RC34,Compra,4.0,27.57,0.0,-33.68,Santander
898,26/02/2026 15:17:12,TSMC34,Compra,1.0,239.99,0.0,-54.62,Santander
899,26/02/2026 15:13:40,A1MT34,Compra,1.0,191.9,0.0,-77.76,Santander
900,04/03/2026 16:22:52,COCA34,Compra,4.0,68.12,0.0,-81.32,Santander
901,02/03/2026 16:38:57,F2NV34,Compra,20.0,7.79,0.0,-89.12,Santander
902,03/03/2026 14:50:10,C2OL34,Compra,2.0,85.4,0.0,-88.02,Santander
903,09/03/2026 15:13:59,BCSA34,Compra,4.0,56.69,0.0,-74.72,Santander
904,09/03/2026 15:18:03,CTGP34,Compra,2.0,89.78,0.0,-64.75,Santander
905,09/03/2026 14:49:34,A1MT34,Compra,1.0,170.17,0.0,-53.02,Santander
906,09/03/2026 15:06:15,AURA33,Compra,2.0,133.53,0.0,-25.19,Santander
907,10/03/2026 14:43:46,CHVX34,Compra,2.0,96.5,0.0,-12.15,Santander
908,09/03/2026 14:50:40,TSMC34,Compra,2.0,222.04,0.0,-6.99,Santander
909,10/03/2026 14:44:41,M1NS34,Compra,4.0,49.86,0.0,-1.43,Santander
910,06/03/2026 15:15:23,ASML34,Compra,1.0,127.63,0.0,2.18,Santander
911,03/03/2026 14:59:58,S1BS34,Compra,4.0,39.16,0.0,-16.45,Santander
912,16/03/2026 15:49:55,WINJ26,Venda,1.0,182840.0,0.0,-17.45,Santander
913,16/03/2026 15:50:02,WINJ26,Venda,1.0,182810.0,0.0,-18.45,Santander
914,16/03/2026 15:50:09,WINJ26,Venda,1.0,182775.0,0.0,-17.45,Santander
915,16/03/2026 15:50:16,WINJ26,Venda,1.0,182760.0,0.0,-19.45,Santander
916,16/03/2026 15:06:44,GROP31,Compra,10.0,17.5,0.0,-10.45,Santander
917,16/03/2026 15:27:52,RIGG34,Compra,4.0,32.51,0.0,-5.81,Santander
918,13/03/2026 15:55:19,AURA33,Compra,2.0,134.03,0.0,-1.33,Santander
919,13/03/2026 15:59:24,F2NV34,Compra,20.0,7.49,0.0,-21.73,Santander
920,16/03/2026 15:05:33,F1SL34,Compra,10.0,12.23,0.0,-5.68,Santander
921,16/03/2026 15:33:39,OXYP34,Compra,4.0,50.27,0.0,9.24,Santander
922,17/03/2026 14:43:15,ITLC34,Compra,6.0,38.3,0.0,12.24,Santander
923,10/03/2026 14:29:45,CTGP34,Compra,2.0,94.88,0.0,16.96,Santander
924,10/03/2026 14:46:17,C2OL34,Compra,2.0,88.97,0.0,20.65,Santander
925,20/03/2026 16:19:25,ASML34,Compra,2.0,125.67,0.0,30.19,Santander
926,20/03/2026 15:52:14,F1SL34,Compra,10.0,13.53,0.0,40.59,Santander
927,09/03/2026 15:15:37,WFCO34,Compra,2.0,100.64,0.0,45.05,Santander
928,10/03/2026 14:28:05,BCSA34,Compra,7.0,58.91,0.0,42.93,Santander
929,23/03/2026 15:04:20,V1RT34,Compra,2.0,135.09,0.0,50.23,Santander
930,23/03/2026 14:51:03,A1MT34,Compra,1.0,190.79,0.0,57.62,Santander
931,23/03/2026 14:52:57,S2ED34,Compra,20.0,7.08,0.0,69.02,Santander
932,20/03/2026 16:18:17,GROP31,Compra,10.0,16.62,0.0,73.22,Santander
933,23/03/2026 14:58:41,E1QN34,Compra,2.0,103.29,0.0,83.34,Santander
934,24/03/2026 14:00:45,SYNE3,Compra,50.0,4.66,0.0,84.35,Santander
935,26/03/2026 15:02:09,AURA33,Compra,1.0,118.05,0.0,87.79,Santander
936,03/03/2026 14:56:12,G1FI34,Compra,4.0,115.8,0.0,90.99,Santander
937,26/03/2026 14:58:12,ITLC34,Compra,8.0,38.82,0.0,82.07,Santander
938,02/03/2026 16:42:53,H1SB34,Compra,2.0,113.89,0.0,66.51,Santander
939,26/02/2026 15:09:55,A1LB34,Compra,4.0,39.25,0.0,65.94,Santander
940,31/03/2026 11:22:00,A1MT34,Compra,1.0,173.03,0.0,75.17,Santander
941,20/03/2026 16:09:04,MUTC34,Compra,2.0,327.31,0.0,18.83,Santander
942,31/03/2026 11:22:45,M1NS34,Compra,8.0,46.68,0.0,22.43,Santander
943,31/03/2026 15:19:44,E1QN34,Compra,4.0,106.37,0.0,28.59,Santander
944,31/03/2026 15:16:08,CHVX34,Compra,3.0,105.92,0.0,26.79,Santander
945,31/03/2026 15:21:14,RIGG34,Compra,16.0,33.85,0.0,28.31,Santander
946,24/03/2026 14:02:10,GOGL34,Compra,5.0,125.97,0.0,28.21,Santander
947,31/03/2026 15:09:50,COPH34,Compra,4.0,56.24,0.0,32.45,Santander
948,31/03/2026 11:17:35,C2OL34,Compra,2.0,92.46,0.0,32.21,Santander
949,16/03/2026 15:36:28,NEXT34,Compra,3.0,120.95,0.0,28.25,Santander
950,13/03/2026 16:06:45,TSMC34,Compra,2.0,219.92,0.0,36.85,Santander
951,17/03/2026 14:42:34,RYTT34,Compra,2.0,175.68,0.0,8.29,Santander
952,31/03/2026 11:22:00,A1MT34,Compra,1.0,173.03,0.0,9.23,Santander
953,20/03/2026 16:09:04,MUTC34,Compra,2.0,327.31,0.0,-47.11,Santander
954,31/03/2026 11:22:45,M1NS34,Compra,8.0,46.68,0.0,-43.51,Santander
955,31/03/2026 15:19:44,E1QN34,Compra,4.0,106.37,0.0,-37.35,Santander
956,06/04/2026 14:58:45,M1NS34,Compra,6.0,47.35,0.0,-37.77,Santander
957,06/04/2026 14:55:47,A1LB34,Compra,10.0,36.91,0.0,-35.97,Santander
958,31/03/2026 15:16:08,CHVX34,Compra,3.0,105.92,0.0,-37.77,Santander
959,31/03/2026 15:21:14,RIGG34,Compra,16.0,33.85,0.0,-36.25,Santander
960,24/03/2026 14:02:10,GOGL34,Compra,5.0,125.97,0.0,-36.35,Santander
961,31/03/2026 15:09:50,COPH34,Compra,4.0,56.24,0.0,-32.11,Santander
962,06/04/2026 14:57:41,E1QN34,Compra,2.0,108.35,0.0,-29.03,Santander
963,31/03/2026 11:17:35,C2OL34,Compra,2.0,92.46,0.0,-29.27,Santander
964,06/04/2026 14:42:19,F1SL34,Compra,10.0,16.6,0.0,-32.97,Santander
965,16/03/2026 15:36:28,NEXT34,Compra,3.0,120.95,0.0,-36.93,Santander
966,13/03/2026 16:06:45,TSMC34,Compra,2.0,219.92,0.0,-28.33,Santander
967,08/04/2026 16:50:29,MSFT34,Compra,4.0,79.32,0.0,-31.81,Santander
968,09/04/2026 14:36:02,F1SL34,Compra,16.0,14.42,0.0,-79.17,Santander
969,09/04/2026 14:57:17,MSFT34,Compra,4.0,78.5,0.0,-67.29,Santander
970,09/04/2026 14:45:36,A1KA34,Compra,4.0,45.55,0.0,-100.19,Santander
971,14/04/2026 10:43:21,MSFT34,Compra,3.0,81.45,0.0,-88.07,Santander
972,09/04/2026 14:55:37,TSLA34,Compra,4.0,55.09,0.0,-66.03,Santander
973,13/04/2026 16:14:51,A1MT34,Compra,1.0,196.83,0.0,-70.29,Santander
974,16/04/2026 10:07:24,WINM26,Venda,1.0,202400.0,0.0,-69.29,Santander
975,16/04/2026 10:07:33,WINM26,Venda,1.0,202290.0,0.0,-71.29,Santander
976,16/04/2026 10:07:38,WINM26,Venda,1.0,202305.0,0.0,-69.29,Santander
977,16/04/2026 10:07:47,WINM26,Venda,1.0,202305.0,0.0,-71.29,Santander
978,13/04/2026 16:22:04,ATTB34,Compra,6.0,42.49,0.0,-62.89,Santander
979,15/04/2026 15:11:20,RIGG34,Compra,12.0,30.85,0.0,-55.69,Santander
980,17/03/2026 14:42:34,RYTT34,Compra,2.0,175.68,0.0,-84.25,Santander
981,13/04/2026 16:11:52,COPH34,Compra,4.0,51.03,0.0,-99.05,Santander
982,13/04/2026 16:19:11,MCDC34,Compra,4.0,75.86,0.0,-91.85,Santander
983,13/04/2026 16:14:11,CHVX34,Compra,2.0,95.26,0.0,-99.47,Santander
984,13/04/2026 16:17:54,EXXO34,Compra,2.0,94.73,0.0,-106.53,Santander
985,09/04/2026 14:41:31,E1QN34,Compra,2.0,97.6,0.0,-118.36,Santander
986,17/04/2026 16:02:24,A1LB34,Compra,6.0,42.15,0.0,-119.26,Santander
987,15/04/2026 15:29:00,ASML34,Compra,3.0,130.22,0.0,-115.79,Santander
988,13/04/2026 16:23:08,L1RC34,Compra,10.0,30.17,0.0,-118.75,Santander
989,15/04/2026 15:36:49,AURA33,Compra,1.0,174.09,0.0,-113.52,Santander
990,16/04/2026 14:47:58,ATTB34,Compra,6.0,44.07,0.0,-114.6,Santander
991,16/04/2026 14:50:52,A1MT34,Compra,1.0,195.22,0.0,-113.81,Santander
992,15/04/2026 15:27:59,V1RT34,Compra,3.0,151.89,0.0,-100.99,Santander
993,17/04/2026 16:18:23,JBSS32,Compra,6.0,87.9,0.0,-107.95,Santander
994,16/04/2026 14:49:00,RIGG34,Compra,12.0,31.64,0.0,-137.35,Santander
995,17/04/2026 16:17:03,M1NS34,Compra,6.0,47.85,0.0,-137.29,Santander
996,17/04/2026 16:19:18,TSMC34,Compra,2.0,230.67,0.0,-122.64,Santander
997,20/04/2026 15:45:31,AURA33,Compra,2.0,174.71,0.0,-148.97,Santander
998,22/04/2026 15:31:08,TSMC34,Compra,1.0,238.14,0.0,-148.97,Santander
999,17/04/2026 16:16:00,A1MT34,Compra,2.0,195.89,0.0,-142.11,Santander
1000,17/04/2026 16:13:25,A1LB34,Compra,6.0,41.95,0.0,-153.27,Santander
1001,20/04/2026 15:53:35,CATP34,Compra,1.0,247.6,0.0,-140.77,Santander
1002,20/04/2026 15:40:10,ITLC34,Compra,6.0,54.19,0.0,-132.19,Santander
1003,22/04/2026 15:56:35,JNJB34,Compra,3.0,74.5,0.0,-125.68,Santander
1004,22/04/2026 15:47:54,V1RT34,Compra,1.0,151.75,0.0,-121.12,Santander
1005,22/04/2026 15:43:31,NOKI34,Compra,2.0,49.8,0.0,-115.07,Santander
1006,23/04/2026 14:45:04,ITLC34,Compra,4.0,55.67,0.0,-74.25,Santander
1007,20/04/2026 15:46:35,RIGG34,Compra,6.0,29.32,0.0,-59.19,Santander
1008,23/04/2026 14:55:21,M2PM34,Compra,4.0,64.04,0.0,-59.11,Santander
1009,23/04/2026 14:56:34,L1MN34,Compra,6.0,44.61,0.0,-59.85,Santander
1010,27/04/2026 10:55:04,RIGG34,Compra,6.0,31.99,0.0,-59.37,Santander
1011,22/04/2026 15:45:01,PAGS34,Compra,10.0,10.64,0.0,-63.57,Santander
1012,22/04/2026 15:46:29,BCSA34,Compra,6.0,60.44,0.0,-69.07,Santander
1013,22/04/2026 15:42:11,K2CG34,Compra,10.0,14.26,0.0,-79.67,Santander
1014,22/04/2026 15:51:28,F2NV34,Compra,40.0,6.88,0.0,-89.67,Santander
1015,23/04/2026 14:46:59,JNJB34,Compra,2.0,76.8,0.0,-93.9,Santander
1016,27/04/2026 14:42:56,A1MD34,Compra,2.0,208.75,0.0,-120.31,Santander
1017,20/04/2026 15:44:23,JBSS32,Compra,3.0,86.82,0.0,-141.37,Santander
1018,27/04/2026 14:38:58,A1MT34,Compra,2.0,199.68,0.0,-160.79,Santander
1019,09/04/2026 14:40:18,C2OL34,Compra,4.0,92.45,0.0,-177.41,Santander
1020,27/04/2026 14:49:26,NOKI34,Compra,3.0,54.34,0.0,-159.23,Santander
1021,28/04/2026 14:44:00,A1MD34,Compra,2.0,201.93,0.0,-143.17,Santander
1022,27/04/2026 14:58:05,A1PL34,Compra,2.0,162.73,0.0,-125.14,Santander
1023,27/04/2026 14:34:11,M2RV34,Compra,4.0,78.41,0.0,-114.54,Santander
1024,28/04/2026 14:39:14,L1RC34,Compra,10.0,28.31,0.0,-108.36,Santander
1025,29/04/2026 15:35:13,A1MD34,Compra,1.0,210.25,0.0,-100.35,Santander
1026,28/04/2026 14:44:40,A1MT34,Compra,2.0,191.23,0.0,-93.97,Santander
1027,29/04/2026 15:37:28,L1MN34,Compra,6.0,43.14,0.0,-75.55,Santander
1028,30/04/2026 16:21:53,F1SL34,Compra,10.0,12.4,0.0,-62.25,Santander
1029,30/04/2026 16:16:39,ITLC34,Compra,2.0,76.83,0.0,-55.57,Santander
1030,30/04/2026 16:23:17,A1MT34,Compra,2.0,195.14,0.0,-41.39,Santander
1031,30/04/2026 16:19:22,L1RC34,Compra,8.0,29.03,0.0,-26.75,Santander
1032,27/04/2026 14:48:26,A1PH34,Compra,1.0,368.09,0.0,-57.08,Santander
1033,22/04/2026 15:32:48,AURA33,Compra,3.0,156.48,0.0,-106.9,Santander
1034,30/04/2026 16:30:55,G2EV34,Compra,2.0,269.2,0.0,-97.68,Santander
1035,28/04/2026 14:43:14,C2OL34,Compra,4.0,85.5,0.0,-122.08,Santander
1036,29/04/2026 15:39:13,NVDC34,Compra,20.0,21.24,0.0,-110.38,Santander
1037,30/04/2026 16:10:41,M2RV34,Compra,4.0,82.07,0.0,-105.98,Santander
1038,20/04/2026 15:42:42,AVGO34,Compra,11.0,28.39,0.0,-85.88,Santander
